0.450652,0.777749,-1.342118,552,447
0.457291,0.782044,-1.304055,544,455
0.463858,0.698123,-1.261903,535,464
0.470443,0.540464,-1.218030,526,473
0.477014,0.139785,-1.179919,521,478
0.483589,-0.024194,-1.139158,512,487
0.490151,-0.145847,-1.098543,507,492
0.496994,-0.092468,-1.058010,507,492
0.503570,-0.013034,-1.022410,512,487
0.510613,0.066154,-0.989532,516,483
0.517639,-0.018554,-0.963863,521,478
0.524217,-0.129912,-0.949007,530,469
0.530811,-0.321466,-0.945186,539,460
0.537379,-0.353538,-0.946369,544,455
0.543954,-0.299799,-0.953152,553,446
0.550482,-0.102362,-0.958835,557,442
0.557068,0.029806,-0.962554,557,442
0.563651,0.156210,-0.964842,559,440
0.570442,0.340251,-0.961745,556,443
0.577382,0.466934,-0.953982,553,446
0.584299,0.477794,-0.940709,546,453
0.591198,0.409395,-0.921190,536,463
0.598095,0.345879,-0.893428,523,476
0.604999,0.197993,-0.862982,515,484
0.611898,0.108794,-0.827094,505,494
0.618800,0.093200,-0.783559,493,506
0.625701,0.108964,-0.737281,488,511
0.632604,0.114084,-0.690374,485,514
0.639535,0.229705,-0.641553,483,516
0.646431,0.240202,-0.596338,485,514
0.653325,0.488240,-0.552637,490,509
0.660221,0.694856,-0.510417,494,505
0.667117,0.705392,-0.472338,497,502
0.674026,0.277109,-0.447071,501,498
0.680930,0.030010,-0.433868,508,491
0.687829,-0.049870,-0.423354,509,490
0.694718,0.245056,-0.407773,509,490
0.701611,0.373423,-0.391792,511,488
0.708734,0.446170,-0.374876,511,488
0.715637,0.355783,-0.361349,512,487
0.722535,0.151575,-0.352795,512,487
0.729433,-0.284031,-0.353538,513,486
0.736334,-0.343019,-0.354208,511,488
0.743629,0.055504,-0.345416,509,490
0.750691,0.282391,-0.330593,507,492
0.757635,0.361632,-0.313480,505,494
0.764518,0.493518,-0.291219,501,498
0.771384,0.683194,-0.264187,498,501
0.777958,0.872656,-0.233637,497,502
0.784529,0.851576,-0.202356,494,505
0.791093,0.921033,-0.169338,491,508
0.797654,0.911822,-0.137368,491,508
0.804217,0.615539,-0.112154,490,509
0.810778,0.366914,-0.093795,491,508
0.817340,0.329809,-0.079290,494,505
0.823904,0.256072,-0.067138,495,504
0.830468,0.035401,-0.061802,497,502
0.837030,-0.148503,-0.060448,497,502
0.843595,0.003899,-0.054500,495,504
0.850157,0.098241,-0.045217,493,506
0.856718,0.171514,-0.031908,489,510
0.863283,0.282401,-0.014286,486,513
0.869844,0.467653,0.008056,483,516
0.876715,0.642416,0.035484,481,518
0.883620,0.605327,0.060251,482,517
0.890629,0.620827,0.083775,483,516
0.897535,0.841192,0.108576,485,514
0.904434,0.935592,0.133727,485,514
0.911338,0.766535,0.150459,490,509
0.918236,0.650623,0.162677,492,507
0.925142,0.666584,0.175592,491,508
0.932045,0.861632,0.191942,491,508
0.938947,0.777381,0.205661,491,508
0.945863,0.519752,0.214370,490,509
0.952767,0.684055,0.227426,488,511
0.959669,0.870552,0.243124,489,510
0.966574,0.685827,0.255641,488,511
0.973475,0.457635,0.262515,488,511
0.980371,0.436058,0.267582,490,509
0.987270,0.398599,0.270148,491,508
0.994259,0.177025,0.267394,493,506
1.001156,-0.163942,0.256238,495,504
1.008063,-0.079706,0.244093,499,500
1.014975,0.240324,0.237141,501,498
1.021879,0.240229,0.228063,503,496
1.029217,0.229578,0.219257,503,496
1.036127,0.419925,0.213916,504,495
1.043016,0.641776,0.212116,505,494
1.049909,0.741289,0.212956,505,494
1.056804,0.740990,0.215421,503,496
1.063704,0.820106,0.221475,500,499
1.070608,0.990101,0.232870,497,502
1.077535,0.895613,0.242756,496,503
1.084443,0.990166,0.251245,500,499
1.091342,1.084633,0.260430,501,498
1.098239,0.998601,0.269775,498,501
1.105146,0.624161,0.271644,498,501
1.112048,0.608630,0.275233,495,504
1.118951,0.366708,0.275357,493,506
1.125853,0.176923,0.275191,489,510
1.132757,0.219059,0.280002,484,515
1.139662,0.477535,0.291540,482,517
1.146565,0.461661,0.302320,482,517
1.153473,0.503699,0.312491,483,516
1.160375,0.630002,0.323328,484,515
1.167320,0.640502,0.330863,488,511
1.174245,0.440766,0.331970,491,508
1.181153,0.483246,0.333908,491,508
1.188059,0.642079,0.338365,491,508
1.194963,0.605054,0.344264,489,510
1.202096,0.435808,0.350305,484,515
1.209008,0.382772,0.356688,482,517
1.215898,0.551376,0.366091,482,517
1.222794,0.825277,0.380995,481,518
1.229687,0.783205,0.392902,483,516
1.236577,0.672464,0.401530,484,515
1.243469,0.730322,0.408463,487,512
1.250418,0.830955,0.417066,487,512
1.257342,0.540633,0.418655,488,511
1.264228,0.356203,0.417969,486,513
1.271110,0.414446,0.418668,486,513
1.278045,0.849095,0.429088,484,515
1.285158,0.854337,0.438813,485,514
1.292906,0.542267,0.440589,487,512
1.301427,0.642383,0.442264,488,511
1.308258,0.641105,0.443123,490,509
1.315077,0.497881,0.438046,494,505
1.321990,0.303308,0.425579,498,501
1.328879,0.423846,0.413128,502,497
1.335822,0.596989,0.405538,501,498
1.343005,0.540488,0.398512,499,500
1.349933,0.483113,0.395177,494,505
1.357529,0.642788,0.400296,487,512
1.364354,0.785826,0.411423,483,516
1.371239,0.726831,0.424678,479,520
1.378009,0.641407,0.439691,473,526
1.384793,0.609178,0.454997,472,527
1.391726,0.656337,0.471825,470,529
1.398311,0.540536,0.482797,473,526
1.404864,0.245495,0.484467,477,522
1.411551,0.329829,0.483522,482,517
1.418091,0.461934,0.481082,488,511
1.424585,0.335197,0.474617,490,509
1.431147,0.161041,0.461818,494,505
1.437718,0.166224,0.446814,497,502
1.444289,0.763417,0.443660,498,501
1.450860,0.948348,0.442501,500,499
1.457430,0.884369,0.440479,500,499
1.464011,0.594329,0.436025,496,503
1.470619,0.648122,0.434879,493,506
1.477529,0.706501,0.436330,491,508
1.484450,0.662809,0.437907,490,509
1.491361,0.666978,0.434993,495,504
1.498493,0.739755,0.431647,497,502
1.505415,0.748539,0.427165,499,500
1.512294,0.607416,0.418165,502,497
1.519213,0.461492,0.407183,501,498
1.526126,0.562082,0.400096,500,499
1.533014,0.716169,0.398534,497,502
1.539925,0.796232,0.399199,496,503
1.547523,0.843642,0.402347,494,505
1.554660,1.080244,0.412434,491,508
1.561772,1.010818,0.423282,488,511
1.568745,0.477259,0.426809,484,515
1.575688,0.377240,0.430954,481,518
1.582564,0.504012,0.437296,481,518
1.589476,0.435603,0.441136,482,517
1.596392,0.298240,0.439878,484,515
1.603267,0.509502,0.439777,488,511
1.610875,0.593920,0.436428,493,506
1.618698,0.208523,0.422917,496,503
1.625574,0.039544,0.404297,500,499
1.632568,0.208282,0.386306,504,495
1.639524,0.218887,0.368133,506,493
1.646381,0.139468,0.347918,508,491
1.653248,0.181819,0.328319,509,490
1.660132,0.340577,0.311010,511,488
1.667016,0.477388,0.294518,514,485
1.674099,0.435137,0.272911,519,480
1.680745,0.466830,0.251494,523,476
1.687298,0.625761,0.233255,525,474
1.693876,0.557062,0.213712,525,474
1.700428,0.451372,0.195679,522,477
1.707018,0.567118,0.183744,518,481
1.713587,0.551098,0.178269,510,489
1.720157,0.593250,0.178656,504,495
1.726730,0.799260,0.189247,496,503
1.733297,0.846883,0.206473,488,511
1.739870,0.915814,0.226898,485,514
1.746470,0.714513,0.248245,478,521
1.753076,0.582543,0.270684,472,527
1.759640,0.366584,0.289433,470,529
1.766209,0.155932,0.304000,469,530
1.772754,0.256006,0.321586,467,532
1.779673,0.256006,0.336774,470,529
1.786617,-0.002638,0.344053,473,526
1.793537,0.134399,0.347877,480,519
1.800455,0.467372,0.354764,484,515
1.807374,0.314050,0.356171,486,513
1.814288,0.034287,0.347404,492,507
1.821207,-0.072057,0.333994,495,504
1.828123,0.171251,0.320963,501,498
1.835005,0.409163,0.309499,506,493
1.841906,0.303505,0.296323,506,493
1.848807,0.197942,0.279440,509,490
1.855711,0.250737,0.266009,507,492
1.862611,0.314061,0.255567,505,494
1.869509,0.425010,0.249411,503,496
1.876442,0.514740,0.248649,499,500
1.883356,0.747169,0.256704,494,505
1.890248,0.969551,0.270701,492,507
1.897141,0.858397,0.287966,484,515
1.904039,0.625375,0.305387,478,521
1.910934,0.572718,0.325526,472,527
1.917826,0.409042,0.344252,469,530
1.924719,0.076591,0.357191,467,532
1.931608,0.192649,0.371154,468,531
1.938497,0.456372,0.388873,469,530
1.945386,0.324518,0.402573,470,529
1.952279,0.124475,0.407263,475,524
1.959167,0.224404,0.409114,481,518
1.966057,0.377249,0.410483,485,514
1.972950,0.261337,0.406415,489,510
1.979858,0.014142,0.395416,491,508
1.986751,-0.133003,0.380052,494,505
1.993639,0.150664,0.372113,492,507
2.000591,0.324553,0.368820,491,508
2.008013,0.441053,0.369318,489,510
2.014934,0.573893,0.376046,485,514
2.021851,0.823474,0.392801,479,520
2.028761,1.262495,0.422748,472,527
2.035661,1.318448,0.455670,468,531
2.042553,1.199031,0.492746,458,541
2.049477,1.187325,0.533089,452,547
2.056368,1.224235,0.573649,451,548
2.063262,1.132049,0.611772,449,550
2.070153,0.958604,0.644004,450,549
2.077046,0.609944,0.667184,451,548
2.084171,0.583614,0.685486,456,543
2.091561,0.652450,0.699575,462,537
2.098579,0.652415,0.708022,467,532
2.105387,0.546473,0.709420,473,526
2.111983,0.303520,0.699672,481,518
2.118535,0.245375,0.685832,485,514
2.125058,0.229473,0.669240,489,510
2.131631,0.287665,0.652120,492,507
2.138204,0.308689,0.636156,492,507
2.144798,0.161689,0.617741,492,507
2.151457,0.041131,0.599584,490,509
2.158045,0.277109,0.586974,490,509
2.164627,0.708609,0.586599,485,514
2.171213,1.205493,0.600501,480,519
2.177993,1.181454,0.613283,480,519
2.184905,1.062006,0.626750,475,524
2.192076,1.252894,0.643721,475,524
2.199301,1.328048,0.660591,476,523
2.206194,1.093994,0.670854,477,522
2.213116,0.940818,0.676613,479,520
2.220038,0.856996,0.680373,479,520
2.226962,0.942822,0.683911,481,518
2.233830,0.977537,0.687264,482,517
2.240906,0.887180,0.690995,479,520
2.247872,0.818721,0.693702,479,520
2.254795,0.780854,0.699118,474,525
2.261704,0.753724,0.708214,469,530
2.268620,0.588640,0.716937,465,534
2.275544,0.129820,0.719015,462,537
2.282296,0.113814,0.722204,459,540
2.288859,0.377517,0.730569,459,540
2.295427,0.403823,0.740876,456,543
2.302012,0.266559,0.747094,458,541
2.308597,0.024382,0.745979,461,538
2.315213,0.166408,0.745021,464,535
2.321754,0.498531,0.745517,470,529
2.328325,1.132837,0.754587,475,524
2.334907,1.272077,0.757995,485,514
2.341486,1.233367,0.754070,494,505
2.348067,1.150485,0.741873,502,497
2.355133,1.190197,0.723311,510,489
2.361739,1.178874,0.703524,514,485
2.368322,1.019946,0.680266,516,483
2.374903,0.931620,0.657487,514,485
2.381798,0.896669,0.637681,509,490
2.388712,1.131970,0.627245,505,494
2.395615,1.255119,0.627155,496,503
2.402619,1.173360,0.632996,486,513
2.409888,1.157779,0.647565,475,524
2.416876,1.194060,0.667636,469,530
2.423716,1.182896,0.689548,465,534
2.430539,1.065172,0.709658,463,536
2.437406,0.906823,0.725047,464,535
2.444316,0.823868,0.738750,463,536
2.451247,0.582263,0.745930,465,534
2.458150,0.119009,0.741801,467,532
2.465037,0.224336,0.736547,471,528
2.471937,0.709920,0.736785,476,523
2.478893,0.767120,0.735673,479,520
2.485799,0.698549,0.727647,486,513
2.492717,0.577913,0.713425,491,508
2.499689,0.694663,0.700067,494,505
2.506602,0.826844,0.688076,496,503
2.513510,0.746996,0.673291,498,501
2.520423,0.514543,0.653106,500,499
2.527350,0.684243,0.634615,503,496
2.534206,0.842649,0.617398,506,493
2.541142,0.799934,0.603154,502,497
2.548414,0.530442,0.589898,495,504
2.555410,0.408957,0.581202,488,511
2.562314,0.535007,0.583115,479,520
2.569218,0.693281,0.590632,475,524
2.576123,0.942327,0.607112,470,529
2.582885,1.091260,0.624830,471,528
2.589458,1.185819,0.643665,471,528
2.596040,0.992874,0.655322,474,525
2.602613,0.797059,0.657908,480,519
2.609184,0.597634,0.652327,485,514
2.615754,0.674549,0.642109,493,506
2.622326,0.739076,0.626700,502,497
2.628889,0.621049,0.606710,506,493
2.635452,0.119790,0.573954,511,488
2.642015,0.088637,0.541428,512,487
2.648578,0.371423,0.515795,512,487
2.655171,1.350589,0.513902,507,492
2.661732,1.423083,0.516534,503,496
2.668293,1.210217,0.520740,496,503
2.674856,0.958283,0.527280,486,513
2.681634,1.101031,0.540729,481,518
2.688537,1.185225,0.562235,472,527
2.695426,0.948658,0.582479,467,532
2.702315,0.867332,0.601719,465,534
2.709214,0.780749,0.617006,467,532
2.716136,0.486983,0.625944,467,532
2.723038,0.250875,0.627677,470,529
2.729945,0.051268,0.625184,470,529
2.736845,-0.043651,0.620007,471,528
2.743766,-0.013221,0.612462,475,524
2.750848,-0.029226,0.602326,478,521
2.757749,0.034220,0.588020,485,514
2.764612,0.319347,0.579924,485,514
2.771411,0.345676,0.567459,492,507
2.778307,0.684130,0.557776,497,502
2.785234,0.515047,0.545471,497,502
2.792139,0.419872,0.528036,501,498
2.799065,0.683643,0.514938,503,496
2.806124,0.873095,0.510011,498,501
2.813026,0.734792,0.508054,492,507
2.819921,0.450573,0.501694,491,508
2.826850,0.729740,0.501020,491,508
2.833750,1.228796,0.511187,489,510
2.840658,1.066983,0.516670,491,508
2.847562,0.915402,0.521080,488,511
2.854464,1.091486,0.533259,483,516
2.861388,1.021580,0.543178,483,516
2.868302,0.793511,0.549371,482,517
2.875213,0.810299,0.554535,483,516
2.882169,0.582881,0.556087,482,517
2.889084,0.445316,0.553817,483,516
2.895994,0.571686,0.554533,482,517
2.902895,0.921983,0.561002,484,515
2.909798,0.879477,0.566078,484,515
2.916703,0.561636,0.566141,482,517
2.923610,0.508861,0.569486,477,522
2.930513,0.482526,0.575744,473,526
2.937505,0.119270,0.574506,473,526
2.944428,0.040264,0.573704,471,528
2.951345,0.609026,0.586356,468,531
2.958253,0.761450,0.602199,467,532
2.965165,0.771888,0.616701,468,531
2.972074,0.467689,0.625238,467,532
2.978977,0.314297,0.630732,467,532
2.985894,0.798304,0.644166,468,531
2.993229,0.711120,0.654002,470,529
3.000575,0.623684,0.657073,476,523
3.007718,0.508097,0.655532,478,521
3.014784,0.702253,0.653664,483,516
3.021711,1.008796,0.654082,488,511
3.028632,0.955975,0.654062,487,512
3.035542,0.779088,0.650101,488,511
3.042407,0.611053,0.643723,487,512
3.049312,0.621654,0.639923,484,515
3.060061,1.019664,0.644218,483,516
3.067031,1.189987,0.655704,479,520
3.073920,1.102095,0.669522,474,525
3.080877,0.999663,0.684393,469,530
3.087483,0.954070,0.699020,467,532
3.093990,0.913349,0.713374,465,534
3.100553,0.827250,0.726199,465,534
3.107141,0.561951,0.733305,465,534
3.113693,0.334931,0.734104,467,532
3.120252,0.350768,0.730113,473,526
3.126819,0.445734,0.723195,479,520
3.133350,0.805117,0.716383,489,510
3.139922,0.604873,0.701325,494,505
3.146492,0.377572,0.677112,501,498
3.153080,0.494419,0.652915,505,494
3.159650,0.694509,0.629922,510,489
3.166220,0.957412,0.612250,511,488
3.172791,0.665692,0.589489,511,488
3.179360,0.518906,0.567593,508,491
3.186224,0.752188,0.554190,503,496
3.193131,1.162755,0.551022,501,498
3.200009,1.150533,0.551438,497,502
3.206874,1.133390,0.555632,492,507
3.213763,1.121418,0.563391,487,512
3.221633,0.978053,0.570209,484,515
3.228584,0.623430,0.573298,480,519
3.235503,0.544771,0.575363,479,520
3.242407,0.645769,0.580640,478,521
3.249647,0.699170,0.586418,478,521
3.256564,0.409115,0.585713,479,520
3.263540,0.340466,0.584091,478,521
3.270905,0.361531,0.584428,477,522
3.277884,0.398320,0.585451,476,523
3.284774,0.398309,0.587012,476,523
3.291357,0.377240,0.586899,477,522
3.297927,0.566958,0.590182,477,522
3.304504,0.878368,0.599041,478,521
3.311087,0.936805,0.606532,480,519
3.317638,0.805702,0.610267,482,517
3.324223,0.700534,0.610839,483,516
3.330806,0.811530,0.613226,483,516
3.337386,0.921864,0.616395,485,514
3.343966,0.925653,0.617214,488,511
3.350537,0.604028,0.610413,489,510
3.357122,0.519685,0.599290,493,506
3.363694,0.529999,0.588221,494,505
3.370263,0.518685,0.575581,496,503
3.376829,0.287604,0.556024,500,499
3.383495,0.030350,0.532499,499,500
3.390396,0.182301,0.515740,496,503
3.397274,0.224414,0.507390,487,512
3.404156,0.266558,0.503549,483,516
3.411087,0.748298,0.512949,479,520
3.418001,0.923474,0.530617,472,527
3.424820,1.016028,0.550673,471,528
3.431711,1.231863,0.574547,470,529
3.438618,1.305222,0.597369,472,527
3.445524,0.751314,0.606383,474,525
3.452431,0.630848,0.609090,479,520
3.459338,0.784185,0.612124,482,517
3.466242,0.824370,0.614456,483,516
3.473149,0.592467,0.611276,484,515
3.480056,0.319103,0.603726,483,516
3.486963,0.445347,0.601536,480,519
3.493954,0.719783,0.607610,477,522
3.500869,0.688429,0.615997,473,526
3.507772,0.573455,0.622110,473,526
3.515579,0.643398,0.631815,471,528
3.522513,0.880925,0.647525,467,532
3.529420,0.850943,0.664346,464,535
3.536392,0.687372,0.678515,463,536
3.543308,0.703347,0.691781,464,535
3.550225,0.750965,0.703667,466,533
3.557115,0.971952,0.718045,467,532
3.564057,1.071803,0.731502,470,529
3.570974,0.918829,0.739952,472,527
3.577889,0.790888,0.745879,471,528
3.584850,0.583360,0.747779,471,528
3.591491,0.608873,0.751303,469,530
3.598062,0.624639,0.757759,466,533
3.604631,0.593162,0.766203,462,537
3.611350,0.588067,0.775246,461,538
3.617917,0.377517,0.780793,459,540
3.624505,0.430476,0.785556,461,538
3.631070,0.610836,0.792612,463,536
3.637634,0.853006,0.801621,466,533
3.644200,1.147398,0.813983,468,531
3.650765,1.203701,0.820155,477,522
3.657331,0.835304,0.811177,487,512
3.663902,0.868147,0.797918,493,506
3.670498,0.710239,0.774807,503,496
3.677070,0.994852,0.754781,507,492
3.683642,0.941348,0.731928,511,488
3.690638,0.698472,0.700862,514,485
3.697541,0.377461,0.662755,517,482
3.704442,0.530816,0.629103,517,482
3.711347,0.899406,0.603270,518,481
3.718246,0.661674,0.577765,514,485
3.725144,0.324531,0.553255,506,493
3.731992,0.473091,0.541152,496,503
3.738913,0.446827,0.534243,489,510
3.746181,-0.235154,0.523580,478,521
3.753091,-0.018146,0.525505,469,530
3.760814,1.194691,0.552224,469,530
3.768161,1.356841,0.575509,474,525
3.776133,1.416468,0.592027,482,517
3.783350,1.506376,0.603134,490,509
3.790104,1.091363,0.603351,493,506
3.796657,0.650212,0.594634,494,505
3.803211,0.313898,0.576422,498,501
3.809771,0.382607,0.560133,498,501
3.816331,0.615009,0.548820,498,501
3.823052,0.937230,0.543670,499,500
3.829676,0.950522,0.540461,497,502
3.836236,0.797338,0.534953,497,502
3.842804,0.871982,0.534177,493,506
3.849355,0.686624,0.532473,489,510
3.855912,0.245213,0.524518,487,512
3.862505,-0.025422,0.512679,485,514
3.869075,0.303525,0.504710,489,510
3.875642,0.313955,0.495344,492,507
3.882201,0.177291,0.480889,495,504
3.889400,0.481231,0.462967,506,493
3.896224,0.790161,0.444763,516,483
3.903101,0.885110,0.418136,529,470
3.909988,0.725011,0.380145,540,459
3.916878,0.699988,0.336618,549,450
3.923769,0.643568,0.286439,558,441
3.930656,0.510535,0.231751,563,436
3.937541,0.330043,0.174155,565,434
3.944432,0.367006,0.120250,564,435
3.951320,0.123672,0.067319,560,439
3.958208,0.192516,0.023630,554,445
3.965098,-0.197619,-0.018354,545,454
3.972016,-0.317180,-0.057491,540,459
3.978900,-0.520217,-0.091918,532,467
3.985845,-0.614052,-0.124015,529,470
3.992856,-0.342281,-0.149614,529,470
3.999772,-0.311112,-0.176686,533,466
4.006656,0.124489,-0.198716,539,460
4.013545,-0.059519,-0.228334,545,454
4.020432,0.203424,-0.256829,551,448
4.027318,-0.111723,-0.294139,556,443
4.034295,-0.254269,-0.335133,558,441
4.041257,-0.317890,-0.376277,559,440
4.048191,-0.254806,-0.417868,564,435
4.055085,0.308657,-0.449987,568,431
4.061969,1.054737,-0.468950,572,427
4.068862,1.198861,-0.486776,575,424
4.075755,0.949465,-0.509641,576,423
4.082654,-0.042648,-0.548641,573,426
4.089643,-0.448048,-0.595590,575,424
4.096146,-0.960668,-0.653705,583,416
4.102694,-0.798939,-0.708170,585,414
4.109258,-0.796962,-0.763593,589,410
4.115828,-1.029872,-0.822609,591,408
4.122383,-1.296294,-0.884284,591,408
4.128940,-1.597049,-0.954876,598,401
4.135499,-1.377183,-1.025954,608,391
4.142056,-0.906913,-1.089123,614,385
4.148613,-0.811692,-1.151479,619,380
4.155173,-0.779908,-1.215317,625,374
4.161727,-1.652888,-1.303111,637,362
4.168285,-1.054621,-1.388812,654,345
4.174840,-1.176384,-1.480283,663,336
4.181396,-1.071278,-1.572731,672,327
4.188136,-1.493105,-1.676017,677,322
4.195030,-1.428123,-1.777505,679,320
4.201917,-1.409899,-1.872577,677,322
4.208803,-1.705014,-1.967513,675,324
4.215689,-2.234390,-2.065779,672,327
4.222569,-2.013293,-2.151414,667,332
4.229551,-1.414319,-2.219842,663,336
4.236423,-2.062261,-2.293616,660,339
4.243801,-2.192152,-2.364016,651,348
4.250838,-2.684649,-2.435310,648,351
4.257697,-2.079609,-2.487737,645,354
4.264583,-2.094795,-2.534301,640,359
4.271471,-2.854445,-2.585252,630,369
4.278351,-2.776334,-2.630493,628,371
4.285516,-2.721459,-2.670941,624,375
4.292352,-2.337682,-2.699699,623,376
4.299170,-2.247081,-2.723936,621,378
4.306046,-2.681200,-2.749045,613,386
4.312922,-2.765318,-2.773486,611,388
4.319801,-3.440703,-2.809725,611,388
4.326676,-3.650342,-2.851264,614,385
4.333554,-3.464312,-2.889291,617,382
4.340420,-3.268680,-2.927122,623,376
4.347331,-2.774996,-2.958647,629,370
4.354205,-2.334422,-2.985896,636,363
4.361081,-2.636962,-3.022571,642,357
4.367980,-3.122605,-3.070840,646,353
4.374856,-3.262772,-3.122445,650,349
4.381733,-3.591020,-3.183908,657,342
4.388827,-3.414107,-3.242456,659,340
4.395750,-2.920389,-3.289902,662,337
4.402627,-2.256117,-3.327078,668,331
4.409505,-2.894432,-3.377522,671,328
4.416662,-2.998357,-3.427141,668,331
4.423540,-3.975998,-3.491657,668,331
4.430413,-4.238523,-3.555778,665,334
4.437312,-3.311415,-3.594066,658,341
4.444210,-3.424639,-3.629518,654,345
4.451108,-3.474620,-3.658244,647,352
4.457998,-3.813735,-3.691289,646,353
4.465364,-3.725172,-3.717800,640,359
4.472341,-3.649056,-3.740476,640,359
4.479248,-3.895515,-3.768007,641,358
4.486144,-3.840030,-3.798786,648,351
4.493085,-3.933878,-3.834554,653,346
4.500019,-3.479694,-3.867531,663,336
4.507817,-3.533448,-3.912224,671,328
4.514945,-4.070041,-3.968303,679,320
4.521854,-4.091608,-4.027653,688,311
4.528755,-4.138349,-4.087705,691,308
4.535655,-4.331308,-4.154953,698,301
4.542888,-3.877695,-4.212849,697,302
4.549824,-4.403675,-4.275431,697,302
4.557349,-4.504880,-4.341970,697,302
4.564724,-4.773192,-4.410425,698,301
4.571786,-4.355252,-4.461761,694,305
4.579308,-4.360746,-4.514909,695,304
4.586225,-4.422713,-4.564010,697,302
4.592992,-4.310385,-4.608171,697,302
4.599565,-4.270341,-4.649042,698,301
4.606143,-3.980560,-4.685693,702,297
4.612715,-4.000600,-4.725698,708,291
4.619272,-3.822080,-4.766312,716,283
4.625907,-3.968895,-4.814710,723,276
4.632466,-4.104869,-4.863342,724,275
4.639016,-4.758185,-4.923187,724,275
4.645565,-4.947470,-4.985028,726,273
4.652119,-5.126113,-5.047888,726,273
4.658680,-5.031287,-5.107061,727,272
4.665239,-5.285212,-5.168156,726,273
4.671798,-5.283676,-5.223085,722,277
4.678355,-5.125117,-5.270404,719,280
4.684908,-5.649594,-5.322135,714,285
4.691828,-5.319130,-5.368282,715,284
4.698660,-5.654076,-5.420230,717,282
4.705570,-5.270361,-5.463580,718,281
4.712481,-5.278274,-5.510985,725,274
4.719392,-5.428770,-5.565408,733,266
4.726300,-5.420929,-5.621248,738,261
4.733213,-5.653398,-5.689351,750,249
4.740125,-5.595098,-5.765032,764,235
4.747250,-5.837643,-5.853061,774,225
4.754182,-6.016453,-5.943046,780,219
4.761089,-6.323370,-6.039114,785,214
4.768028,-6.424116,-6.134659,787,212
4.775230,-6.597041,-6.230768,785,214
4.782132,-6.654841,-6.317536,782,217
4.789063,-6.812769,-6.401079,778,221
4.795985,-6.429052,-6.466285,770,229
4.802872,-6.186163,-6.515940,760,239
4.809754,-6.324897,-6.560544,754,245
4.816630,-6.330938,-6.601043,751,248
4.823602,-5.967110,-6.632833,751,248
4.830634,-5.457748,-6.655446,753,246
4.837523,-5.726646,-6.688433,761,238
4.844407,-6.081199,-6.733368,769,230
4.851288,-6.295778,-6.783328,773,226
4.858171,-7.005227,-6.849160,778,221
4.865064,-7.045644,-6.915399,781,218
4.872005,-7.310620,-6.986681,784,215
4.878901,-7.405426,-7.056771,784,215
4.885839,-7.609214,-7.125972,782,217
4.892672,-7.637682,-7.192257,782,217
4.899534,-7.461819,-7.250655,780,219
4.906441,-7.435871,-7.304404,778,221
4.913345,-7.544559,-7.356133,776,223
4.920248,-7.646635,-7.407206,775,224
4.927154,-7.676704,-7.457058,776,223
4.934051,-7.601583,-7.503324,776,223
4.940955,-7.737832,-7.554318,781,218
4.947855,-7.850741,-7.610038,787,212
4.954754,-8.139586,-7.673096,792,207
4.961651,-7.946096,-7.731418,794,205
4.968575,-7.583769,-7.782565,797,202
4.975472,-7.867092,-7.838355,799,200
4.982367,-8.051191,-7.899369,804,195
4.989264,-7.703102,-7.951820,805,194
4.996203,-7.185699,-7.991545,804,195
5.003117,-7.334274,-8.036972,810,189
5.010015,-7.904424,-8.090910,809,190
5.016912,-8.045873,-8.144718,809,190
5.023809,-8.030935,-8.197167,810,189
5.030710,-8.026268,-8.245606,808,191
5.037601,-8.118222,-8.293197,808,191
5.044452,-8.570152,-8.347550,808,191
5.051323,-8.826692,-8.403219,806,193
5.058197,-8.628166,-8.451773,805,194
5.065074,-8.478974,-8.495975,806,193
5.071982,-8.528957,-8.538009,805,194
5.078864,-8.228395,-8.575090,808,191
5.086050,-7.959548,-8.609477,811,188
5.092875,-7.982414,-8.642103,813,186
5.099697,-8.454107,-8.685527,817,182
5.106561,-8.899417,-8.746718,830,169
5.113426,-9.056819,-8.814985,838,161
5.120291,-8.676008,-8.879805,846,153
5.127151,-8.411428,-8.941279,852,147
5.134015,-8.289944,-9.003438,859,140
5.140881,-8.688338,-9.081791,873,126
5.147747,-9.066968,-9.170458,880,119
5.154898,-9.664264,-9.272568,883,116
5.161794,-9.787079,-9.374287,889,110
5.168683,-9.504582,-9.470075,894,105
5.175570,-9.351093,-9.563325,900,99
5.182453,-9.327130,-9.653955,902,97
5.189336,-9.465263,-9.745146,904,95
5.196224,-9.606620,-9.832240,901,98
5.203107,-9.826230,-9.916368,897,102
5.209987,-9.878473,-9.994883,893,106
5.216871,-9.892969,-10.071137,894,105
5.223760,-10.003019,-10.139471,886,113
5.230657,-10.158482,-10.200545,877,122
5.237901,-10.540627,-10.267634,875,124
5.244817,-10.705692,-10.332298,875,124
5.251723,-10.816004,-10.394076,873,126
5.259099,-10.805998,-10.456647,873,126
5.266044,-10.781761,-10.506404,866,133
5.272953,-10.496699,-10.555653,875,124
5.279851,-10.227223,-10.603395,882,117
5.287205,-9.955875,-10.651429,887,112
5.293936,-10.111835,-10.696045,888,111
5.300548,-10.406637,-10.738361,881,118
5.310552,-11.104221,-10.798417,866,133
5.317263,-11.251137,-10.834821,858,141
5.323810,-11.169754,-10.863895,853,146
5.330356,-10.881921,-10.878795,844,155
5.336929,-10.838060,-10.888059,839,160
5.343505,-10.828711,-10.894791,836,163
5.350036,-10.811021,-10.898636,833,166
5.357964,-10.954032,-10.906919,834,165
5.365578,-10.956164,-10.918897,839,160
5.372139,-10.981156,-10.934516,845,154
5.378655,-10.926600,-10.952926,851,148
5.385245,-10.789163,-10.974536,860,139
5.391876,-10.761056,-10.999075,865,134
5.398461,-10.797380,-11.027193,870,129
5.405044,-10.952550,-11.055679,868,131
5.412122,-11.103846,-11.090147,871,128
5.419258,-11.263689,-11.123127,867,132
5.425866,-11.206752,-11.152521,868,131
5.432448,-11.031784,-11.179293,871,128
5.439054,-10.671419,-11.203565,878,121
5.445644,-10.529187,-11.227180,882,117
5.452234,-10.644696,-11.252833,883,116
5.458808,-11.222955,-11.287483,882,117
5.465399,-11.538735,-11.324494,879,120
5.471987,-11.800694,-11.367563,882,117
5.478572,-11.887582,-11.411890,884,115
5.485179,-11.743882,-11.456523,890,109
5.491786,-11.506790,-11.497892,894,105
5.498742,-11.299935,-11.543290,904,95
5.505324,-11.337049,-11.588826,909,90
5.511968,-11.541635,-11.639993,913,86
5.519739,-11.834926,-11.707396,917,82
5.526390,-11.795148,-11.766494,923,76
5.532984,-11.238363,-11.815937,928,71
5.539579,-11.058943,-11.863766,933,66
5.547118,-11.058931,-11.919880,935,64
5.553974,-11.816912,-11.981850,935,64
5.560567,-12.334123,-12.048303,935,64
5.567254,-12.821393,-12.116611,928,71
5.573916,-13.089771,-12.180164,919,80
5.580597,-12.790746,-12.231590,914,85
5.587213,-11.975519,-12.259167,908,91
5.593792,-11.936795,-12.281108,903,96
5.600394,-12.208285,-12.306558,902,97
5.606938,-12.750824,-12.340547,901,98
5.613509,-12.610126,-12.372713,904,95
5.620068,-12.257408,-12.396353,904,95
5.626648,-11.542323,-12.407074,906,93
5.633184,-11.647285,-12.421253,909,90
5.639756,-11.973004,-12.442410,910,89
5.646327,-12.500777,-12.477240,916,83
5.652872,-13.237419,-12.527920,920,79
5.659457,-13.299590,-12.580824,923,76
5.666036,-13.082095,-12.625335,921,78
5.672618,-12.315289,-12.650878,918,81
5.679200,-12.034873,-12.659673,905,94
5.685777,-11.962519,-12.661518,899,100
5.692372,-12.654578,-12.669321,889,110
5.699224,-13.121514,-12.681902,884,115
5.706204,-13.455656,-12.697224,880,119
5.713138,-13.276338,-12.709690,882,117
5.720256,-13.008039,-12.717842,884,115
5.727187,-12.511555,-12.721855,891,108
5.734103,-12.412642,-12.732688,902,97
5.741024,-12.465670,-12.751826,911,88
5.748400,-12.510287,-12.783012,923,76
5.755359,-12.668984,-12.821996,933,66
5.762226,-12.709529,-12.864160,938,61
5.769138,-12.624456,-12.907170,943,56
5.776025,-12.326909,-12.945261,947,52
5.782911,-12.323783,-12.980663,946,53
5.789810,-13.115145,-13.027771,943,56
5.796516,-13.456465,-13.077113,941,58
5.803090,-13.678650,-13.124778,937,62
5.809658,-13.006693,-13.154289,934,65
5.816226,-12.533730,-13.171198,931,68
5.822792,-12.257462,-13.172614,919,80
5.829355,-13.152392,-13.187769,914,85
5.835923,-13.757869,-13.213365,914,85
5.842485,-13.920835,-13.239931,912,87
5.849079,-12.999115,-13.246209,911,88
5.855645,-12.530458,-13.244514,913,86
5.862209,-12.504249,-13.246841,918,81
5.868780,-13.475209,-13.271701,923,76
5.875348,-13.872453,-13.312056,934,65
5.882072,-13.947564,-13.359409,942,57
5.888713,-13.343183,-13.397074,948,51
5.895350,-13.016665,-13.434576,958,41
5.902239,-13.018826,-13.474527,961,38
5.909149,-13.746306,-13.527341,961,38
5.916034,-14.166694,-13.585282,961,38
5.922955,-14.331602,-13.643729,960,39
5.929866,-14.078514,-13.691130,956,43
5.936910,-13.864229,-13.727511,949,50
5.943813,-13.586117,-13.751991,944,55
5.950707,-13.581594,-13.771729,940,59
5.957603,-13.774389,-13.792459,938,61
5.964500,-13.762945,-13.810076,935,64
5.971394,-13.610023,-13.824067,936,63
5.978288,-13.301301,-13.829748,934,65
5.985185,-13.441972,-13.835248,930,69
5.992082,-13.835505,-13.845415,927,72
5.999219,-14.314659,-13.859980,921,78
6.006706,-14.092512,-13.859763,910,89
6.014385,-13.578112,-13.839264,899,100
6.021570,-13.704220,-13.814271,889,110
6.028689,-14.462224,-13.792794,874,125
6.035595,-14.514626,-13.766179,864,135
6.042503,-13.579653,-13.712299,852,147
6.049397,-13.002432,-13.641668,842,157
6.056302,-12.630300,-13.566353,841,158
6.063385,-12.734505,-13.498298,845,154
6.070619,-13.000607,-13.439507,848,151
6.077645,-13.468753,-13.396648,851,148
6.084569,-13.574450,-13.366297,861,138
6.091839,-13.500699,-13.335773,862,137
6.098516,-13.408571,-13.309525,865,134
6.105044,-13.205587,-13.284460,869,130
6.111650,-12.977696,-13.257042,871,128
6.118191,-12.997086,-13.238982,881,118
6.124944,-13.163352,-13.223587,879,120
6.131508,-13.712036,-13.219273,879,120
6.138051,-13.823802,-13.216152,877,122
6.144625,-13.869179,-13.213930,877,122
6.151159,-13.664270,-13.208722,878,121
6.157741,-13.605849,-13.193885,867,132
6.164710,-13.605270,-13.167360,854,145
6.171404,-13.586576,-13.133348,842,157
6.177998,-13.496552,-13.088605,828,171
6.184585,-13.133509,-13.026716,812,187
6.191173,-12.886496,-12.954798,803,196
6.197975,-12.717507,-12.875653,796,203
6.204855,-12.363942,-12.789956,794,205
6.211767,-12.119202,-12.705895,797,202
6.218668,-11.844529,-12.624539,802,197
6.225565,-11.284325,-12.544563,813,186
6.232639,-11.242145,-12.474358,823,176
6.239556,-11.731047,-12.422929,829,170
6.246548,-12.293102,-12.392366,839,160
6.253478,-12.740417,-12.376584,844,155
6.260401,-13.299658,-12.380605,854,145
6.267360,-13.126354,-12.384128,858,141
6.274277,-12.778510,-12.378830,855,144
6.281192,-12.841781,-12.370151,849,150
6.288088,-12.846968,-12.352106,837,162
6.294967,-13.109797,-12.329456,825,174
6.301616,-13.174051,-12.301064,813,186
6.308177,-13.268071,-12.263162,796,203
6.314738,-12.988374,-12.211778,784,215
6.321651,-12.775536,-12.139998,766,233
6.328261,-12.039659,-12.049867,752,247
6.334836,-11.951639,-11.953564,741,258
6.341408,-11.787341,-11.851241,732,267
6.347983,-11.691721,-11.750170,730,269
6.354549,-11.277784,-11.644354,729,270
6.361118,-10.769092,-11.534366,731,268
6.367688,-10.368981,-11.420915,730,269
6.374642,-10.247375,-11.305785,731,268
6.381264,-10.679291,-11.210718,734,265
6.387877,-10.845509,-11.124161,735,264
6.394457,-11.069269,-11.047352,737,262
6.401384,-10.943620,-10.965565,735,264
6.408304,-11.048312,-10.889665,735,264
6.415375,-10.984199,-10.809768,729,270
6.422351,-11.438000,-10.739356,725,274
6.429266,-11.416726,-10.664237,715,284
6.436137,-11.715008,-10.593035,708,291
6.443078,-11.535085,-10.512291,698,301
6.449945,-11.608833,-10.433637,693,306
6.456838,-11.070980,-10.345221,690,309
6.463730,-10.935328,-10.255455,687,312
6.470703,-10.791649,-10.160301,680,319
6.477601,-10.266284,-10.055601,675,324
6.484500,-10.217622,-9.948915,668,331
6.491528,-9.744982,-9.827403,658,341
6.498645,-9.485845,-9.698449,650,349
6.505751,-9.059752,-9.561844,644,355
6.512248,-8.471065,-9.427372,641,358
6.518744,-8.509563,-9.298338,639,360
6.525280,-7.756506,-9.160036,640,359
6.531847,-8.078044,-9.031595,638,361
6.538412,-7.289263,-8.908647,657,342
6.545119,-7.367732,-8.800049,669,330
6.552791,-7.719524,-8.696360,673,326
6.559401,-7.594906,-8.617846,688,311
6.565952,-8.418519,-8.543962,669,330
6.572534,-9.061715,-8.475432,656,343
6.579081,-9.910448,-8.409406,634,365
6.585656,-9.587525,-8.319162,608,391
6.592251,-8.865817,-8.207274,594,405
6.598956,-8.285684,-8.074737,578,421
6.605658,-8.061846,-7.937828,571,428
6.612231,-8.012627,-7.803340,565,434
6.618801,-8.089967,-7.674141,562,437
6.625335,-7.980985,-7.545694,558,441
6.631868,-7.963785,-7.411280,543,456
6.638426,-7.997334,-7.267523,524,475
6.644985,-7.565876,-7.116403,517,482
6.651545,-7.483241,-6.966642,513,486
6.658119,-6.561018,-6.804643,513,486
6.664680,-5.804457,-6.634393,512,487
6.671239,-5.059874,-6.458755,514,485
6.677824,-5.208159,-6.290037,510,489
6.684384,-5.495390,-6.129791,504,495
6.691151,-5.497923,-5.971705,503,496
6.697642,-5.604355,-5.826178,501,498
6.704501,-4.942959,-5.666013,500,499
6.711389,-4.605099,-5.505998,500,499
6.718277,-4.409306,-5.349194,500,499
6.725163,-4.696958,-5.204815,500,499
6.732089,-4.896362,-5.071302,502,497
6.739068,-4.208014,-4.930953,503,496
6.745936,-4.145977,-4.799441,506,493
6.752961,-4.742673,-4.680717,503,496
6.761383,-4.708266,-4.533980,493,506
6.768938,-4.291286,-4.388191,479,520
6.776038,-4.457815,-4.249925,466,533
6.782962,-4.327026,-4.112148,459,540
6.789822,-3.742303,-3.962028,449,550
6.796741,-3.407186,-3.803849,440,559
6.803438,-3.678536,-3.657593,434,565
6.809978,-3.737802,-3.517646,428,571
6.816554,-3.670610,-3.377176,423,576
6.823136,-3.345043,-3.234448,420,579
6.829696,-3.354586,-3.100552,423,576
6.836334,-3.012315,-2.967621,427,572
6.842920,-3.119735,-2.844246,428,571
6.849461,-3.555538,-2.737436,431,568
6.856042,-2.801486,-2.624015,436,563
6.862569,-2.930693,-2.522647,441,558
6.869145,-2.009667,-2.411346,446,553
6.875962,-2.191421,-2.304853,446,553
6.882812,-1.424772,-2.186309,445,554
6.889374,-1.788331,-2.082624,443,556
6.895928,-1.007666,-1.965722,440,559
6.902527,-1.559812,-1.856006,430,569
6.909083,-1.363522,-1.736795,415,584
6.915644,-1.729314,-1.622505,406,593
6.922211,-1.386899,-1.499013,397,602
6.928776,-1.161679,-1.370385,389,610
6.935338,-1.039203,-1.240763,384,615
6.941897,-1.216317,-1.115558,378,621
6.948487,-1.594363,-0.999257,374,625
6.955045,-1.669977,-0.888166,371,628
6.961592,-1.214933,-0.771989,370,629
6.968147,-1.263636,-0.661299,369,630
6.974704,-0.930105,-0.545932,366,633
6.981255,-0.920446,-0.434940,365,634
6.987807,-0.412210,-0.316170,362,637
6.994432,0.612106,-0.180758,361,638
7.001142,0.748008,-0.047455,361,638
7.008049,1.531913,0.099776,360,639
7.014945,1.471039,0.240774,358,641
7.021832,0.668183,0.362142,355,644
7.028722,0.573061,0.478417,352,647
7.035770,0.010473,0.586414,346,653
7.042681,-0.145418,0.688287,341,658
7.049576,0.603136,0.802638,338,661
7.056518,1.038594,0.925839,332,667
7.063448,0.785669,1.041122,329,670
7.070336,0.479384,1.150138,322,677
7.077248,0.564920,1.260546,317,682
7.084373,1.121677,1.383239,314,685
7.091439,1.443519,1.510124,309,690
7.098358,1.624747,1.636098,304,695
7.105068,2.018390,1.762094,303,696
7.111640,1.968609,1.879202,303,696
7.118206,2.335581,1.998633,302,697
7.124784,2.450711,2.115421,302,697
7.131351,2.712066,2.233964,300,699
7.137930,2.776298,2.347077,302,697
7.144481,2.737606,2.450827,306,693
7.151036,2.629542,2.546101,309,690
7.157609,2.654099,2.636874,310,689
7.164145,2.857915,2.722178,317,682
7.170701,3.035265,2.807207,317,682
7.177253,2.982277,2.886690,318,681
7.183802,2.863313,2.961188,317,682
7.190329,2.774276,3.033918,313,686
7.196882,2.792113,3.108793,307,692
7.203887,3.110327,3.197808,300,699
7.210777,3.303540,3.293629,290,709
7.217656,3.605858,3.398160,281,718
7.224574,3.286872,3.497885,274,725
7.231458,4.071674,3.615535,265,734
7.238334,3.722668,3.722923,263,736
7.245388,4.212169,3.840454,260,739
7.252560,3.905411,3.951514,256,743
7.259456,4.470347,4.068060,252,747
7.266325,3.718732,4.163320,253,746
7.273229,4.158859,4.268075,247,752
7.280088,4.091537,4.367476,246,753
7.286978,4.191134,4.467741,242,757
7.293919,4.532616,4.573409,240,759
7.300794,4.496248,4.669061,244,755
7.307460,4.690055,4.764533,240,759
7.314035,4.661597,4.857400,236,763
7.320570,4.799119,4.948224,236,763
7.327147,4.868648,5.039230,233,766
7.333717,5.043806,5.132608,230,769
7.340271,5.477249,5.230589,229,770
7.346820,5.807514,5.328858,232,767
7.353371,5.940599,5.425089,232,767
7.360641,6.068461,5.527265,233,766
7.367131,5.814634,5.609040,236,763
7.374002,5.805328,5.690188,237,762
7.380537,5.917659,5.767576,235,764
7.387091,5.783731,5.841162,233,766
7.393645,5.793290,5.913269,231,768
7.400198,5.860466,5.989376,224,775
7.407073,5.816827,6.070578,217,782
7.413993,5.737515,6.152447,210,789
7.420856,5.989287,6.240884,203,796
7.427695,6.103344,6.333803,195,804
7.434617,6.250818,6.432276,188,811
7.441510,6.324049,6.532929,182,817
7.448397,6.611450,6.638677,177,822
7.455785,7.127847,6.760422,173,826
7.462709,7.274707,6.876069,169,830
7.469628,7.333461,6.989660,167,832
7.476542,7.297553,7.096672,168,831
7.483462,7.713279,7.210980,163,836
7.490385,8.099149,7.330130,160,839
7.498053,8.289729,7.463935,154,845
7.505683,7.879023,7.593571,142,857
7.514455,7.242715,7.733932,130,869
7.521397,7.186134,7.848319,117,882
7.528337,7.768019,7.984488,98,901
7.535307,8.260553,8.135456,85,914
7.542952,8.686158,8.313758,71,928
7.550250,9.105675,8.493248,62,937
7.557171,9.069936,8.662044,54,945
7.564322,8.821818,8.827088,50,949
7.571253,8.713988,8.980849,46,953
7.578166,8.562198,9.120463,51,948
7.585120,8.678055,9.252563,56,943
7.592041,9.642656,9.395882,58,941
7.598952,10.481919,9.544874,63,936
7.605970,11.231845,9.697781,70,929
7.612564,11.118518,9.827509,79,920
7.619196,10.391061,9.934920,83,916
7.625782,9.535591,10.017100,87,912
7.632473,9.271535,10.090976,88,911
7.639258,9.808755,10.174769,87,912
7.645836,10.599944,10.268414,86,913
7.652420,11.282816,10.374887,81,918
7.658999,11.104392,10.478373,75,924
7.665579,10.635606,10.572970,69,930
7.672149,10.000846,10.654216,65,934
7.678742,10.003653,10.736390,60,939
7.685331,10.367156,10.825904,55,944
7.691928,11.380895,10.932849,53,946
7.698517,11.728022,11.041707,53,946
7.705161,11.771565,11.147854,53,946
7.712058,10.988549,11.236001,54,945
7.718947,10.505493,11.310349,55,944
7.725863,10.692143,11.382931,58,941
7.732774,11.263891,11.462968,58,941
7.739691,11.875418,11.549574,61,938
7.747087,12.194680,11.642482,62,937
7.754008,11.928689,11.724533,58,941
7.760925,11.506644,11.801014,50,949
7.767845,11.720972,11.881312,46,953
7.774759,12.421062,11.974763,43,956
7.781655,12.573234,12.073720,34,965
7.788686,12.414874,12.175740,24,975
7.795591,12.048606,12.272065,14,985
7.802486,12.147962,12.371405,8,991
7.809281,12.550844,12.477556,2,997
7.815844,12.561898,12.580865,0,1000
7.822407,12.572575,12.684489,0,1000
7.828979,12.560395,12.791629,0,1000
7.835873,12.735597,12.910034,0,1000
7.842506,12.952579,13.025506,0,1000
7.849121,13.374981,13.147173,0,1000
7.855715,13.343954,13.265444,0,1000
7.862276,13.409424,13.379538,0,1000
7.868838,13.587111,13.491962,0,1000
7.875398,13.563535,13.600859,0,1000
7.881964,13.635417,13.706361,0,1000
7.888535,14.086788,13.817098,0,1000
7.895116,14.271252,13.927879,0,1000
7.901683,14.430031,14.038438,0,1000
7.908485,14.845524,14.158686,0,1000
7.915391,14.807910,14.277161,0,1000
7.922342,14.612428,14.394395,0,1000
7.929258,14.618865,14.511981,0,1000
7.936177,14.782061,14.632993,0,1000
7.943095,14.810621,14.752562,0,1000
7.950007,14.946260,14.873388,0,1000
7.956882,15.014012,14.989860,0,1000
7.963799,14.873213,15.100632,0,1000
7.970716,14.866166,15.204685,0,1000
7.977627,15.214254,15.306932,0,1000
7.984541,15.386483,15.403180,0,1000
7.991453,15.674274,15.488132,0,1000
7.998363,16.120604,15.569548,0,1000
8.005834,16.063419,15.650861,0,1000
8.012579,16.019045,15.720308,0,1000
8.019165,16.022469,15.786771,0,1000
8.025707,15.980117,15.850848,0,1000
8.032284,16.200651,15.920532,0,1000
8.038874,16.288507,15.996428,0,1000
8.045455,16.309275,16.072903,0,1000
8.052016,16.218174,16.146990,0,1000
8.058571,16.275833,16.217928,0,1000
8.065152,16.385939,16.287180,0,1000
8.071730,16.328321,16.352476,0,1000
8.078308,16.206644,16.414635,0,1000
8.084888,16.094786,16.475296,0,1000
8.091475,16.236921,16.541191,0,1000
8.098053,16.365116,16.609426,0,1000
8.104623,16.535845,16.684538,0,1000
8.111491,16.545305,16.773720,0,1000
8.118402,16.603195,16.868629,0,1000
8.125316,16.702826,16.972380,0,1000
8.132227,16.830299,17.085440,0,1000
8.139141,17.022678,17.205093,0,1000
8.146079,17.411457,17.332216,0,1000
8.152988,17.653812,17.459690,0,1000
8.160803,18.154345,17.604395,0,1000
8.167743,18.199284,17.725412,0,1000
8.174663,18.193296,17.836126,0,1000
8.181579,18.178267,17.936413,0,1000
8.188496,18.099726,18.026722,0,1000
8.195413,17.935829,18.105118,0,1000
8.202320,17.930403,18.174910,0,1000
8.209270,18.057428,18.242138,0,1000
8.216183,18.225107,18.306038,0,1000
8.223100,18.560854,18.368174,0,1000
8.230003,19.191439,18.431868,0,1000
8.236932,19.472317,18.488264,0,1000
8.243899,19.480516,18.532434,0,1000
8.250853,19.308674,18.564959,0,1000
8.257849,19.114407,18.586145,0,1000
8.265308,18.824671,18.592196,0,1000
8.272217,18.727091,18.587606,0,1000
8.279118,18.789642,18.582100,0,1000
8.286038,18.828863,18.573732,0,1000
8.292969,18.802391,18.564985,0,1000
8.299857,18.715361,18.557020,0,1000
8.307574,18.688810,18.552441,0,1000
8.314507,18.693630,18.555418,0,1000
8.321422,18.707020,18.560255,0,1000
8.328104,18.774210,18.572674,0,1000
8.334661,18.695299,18.588995,0,1000
8.341169,18.723764,18.608574,0,1000
8.347769,18.877176,18.633827,0,1000
8.354328,18.903851,18.659775,0,1000
8.360887,18.827173,18.683273,0,1000
8.367755,18.819221,18.704220,0,1000
8.374339,18.591740,18.715704,0,1000
8.380921,18.449810,18.717619,0,1000
8.387506,18.608902,18.709879,0,1000
8.394824,18.657282,18.687099,0,1000
8.401623,18.663990,18.656694,0,1000
8.408204,18.773651,18.619614,0,1000
8.414885,18.762142,18.573462,2,997
8.421453,18.556566,18.519644,10,989
8.428026,18.576448,18.460176,21,978
8.434557,18.586538,18.398977,27,972
8.441150,18.788937,18.339489,33,966
8.447742,19.012558,18.283112,37,962
8.454320,19.062437,18.227419,41,958
8.460904,18.707052,18.166073,42,957
8.467497,18.677023,18.108215,41,958
8.474076,18.712057,18.056097,37,962
8.480651,18.207245,18.001848,31,968
8.487225,18.018164,17.952381,23,976
8.493835,18.453257,17.915489,20,979
8.500420,18.695374,17.886530,18,981
8.506989,18.252432,17.850763,18,981
8.513885,17.926556,17.806437,20,979
8.520819,18.257313,17.765633,25,974
8.527769,18.113865,17.720995,28,971
8.534688,17.757189,17.667242,34,965
8.541619,17.269766,17.603893,37,962
8.549133,17.474316,17.535845,45,954
8.556754,17.511564,17.460999,55,944
8.563724,17.367397,17.382160,68,931
8.570648,17.670250,17.301720,82,917
8.577570,17.825813,17.214022,99,900
8.584491,17.346668,17.112713,109,890
8.591669,16.879417,16.999353,113,886
8.598987,16.666351,16.879059,120,879
8.605913,16.802683,16.774313,118,881
8.612781,16.967224,16.680758,115,884
8.619369,17.140444,16.597881,116,883
8.625951,17.076349,16.520777,111,888
8.632532,16.960012,16.447035,108,891
8.639082,16.777138,16.371305,111,888
8.648172,16.683655,16.254595,122,877
8.655556,16.447098,16.156590,127,872
8.662145,16.221062,16.065599,132,867
8.668689,15.929255,15.967893,139,860
8.675265,15.840216,15.867530,145,854
8.681793,15.793922,15.765067,153,846
8.688362,15.785457,15.655011,167,832
8.695138,15.799809,15.536466,180,819
8.701731,15.636936,15.414596,190,809
8.708246,15.237544,15.286087,197,802
8.715101,14.988495,15.143947,207,792
8.722017,14.981172,15.002048,213,786
8.728892,15.269073,14.865244,222,777
8.735802,15.617230,14.734757,229,770
8.742716,15.246497,14.600196,232,767
8.749889,14.787512,14.456928,233,766
8.756835,13.973285,14.310929,230,769
8.763743,13.884155,14.174037,226,773
8.770646,14.352978,14.058237,219,780
8.777547,14.542401,13.954361,215,784
8.784459,14.226410,13.849761,214,785
8.791368,13.933890,13.754065,202,797
8.798276,13.496779,13.662100,192,807
8.805185,13.315117,13.571616,191,808
8.812144,13.344964,13.481697,195,804
8.819059,13.548381,13.395288,201,798
8.825962,13.894013,13.314372,208,791
8.832875,13.376759,13.224597,210,789
8.839786,12.865351,13.127658,212,787
8.846699,12.607791,13.027884,214,785
8.853607,12.760984,12.929514,222,777
8.860522,12.734389,12.830634,227,772
8.867371,12.822582,12.732523,234,765
8.874245,12.982147,12.632408,245,754
8.881110,12.967032,12.530429,253,746
8.888022,12.725232,12.422639,259,740
8.894940,12.534941,12.312277,263,736
8.901848,12.349395,12.201828,265,734
8.908757,12.170376,12.091005,267,732
8.915689,12.163605,11.984388,267,732
8.922599,12.200931,11.883688,267,732
8.929670,12.117695,11.783618,267,732
8.936592,12.135138,11.689776,268,731
8.943514,11.960248,11.593901,271,728
8.950433,12.226264,11.502416,277,722
8.957309,12.015614,11.405684,284,715
8.964213,12.043675,11.302746,297,702
8.971114,11.708517,11.189456,307,692
8.978005,11.496852,11.071063,315,684
8.985006,10.805539,10.937757,321,678
8.991904,10.472985,10.800293,327,672
8.999221,10.114841,10.651949,330,669
9.006124,9.928165,10.510258,335,664
9.013043,9.974884,10.373460,337,662
9.019939,9.840703,10.238593,339,660
9.026853,9.862415,10.110262,339,660
9.033743,9.506866,9.984178,335,664
9.040626,9.569471,9.867966,331,668
9.047509,9.465178,9.755064,331,668
9.054382,9.422338,9.647631,330,669
9.061872,9.190099,9.528447,334,665
9.070403,9.261530,9.396735,339,660
9.077318,9.616895,9.292927,348,651
9.084206,9.489822,9.180425,362,637
9.091097,9.522013,9.061479,377,622
9.098169,10.161984,8.942780,394,605
9.105094,10.016477,8.817565,408,591
9.112259,9.792317,8.676514,422,577
9.119713,9.091581,8.508184,438,561
9.126287,9.224671,8.362404,447,552
9.133732,9.168004,8.197884,452,547
9.140250,9.042308,8.058565,453,546
9.147234,8.475709,7.903105,454,545
9.153805,7.444812,7.745508,452,547
9.160376,7.911080,7.605507,449,550
9.166946,7.272621,7.463781,443,556
9.173478,7.830740,7.347995,433,566
9.180049,7.160813,7.229044,426,573
9.186710,6.588897,7.113592,412,587
9.193488,6.482034,7.007260,402,597
9.200121,6.387767,6.910109,397,602
9.206656,6.620212,6.824127,395,604
9.213274,7.007626,6.744811,400,599
9.219827,7.604869,6.671415,412,587
9.226416,7.585438,6.586979,429,570
9.232964,6.800984,6.481537,442,557
9.239624,6.251925,6.354786,459,540
9.246294,4.846591,6.194110,473,526
9.252880,5.095391,6.037547,485,514
9.259460,4.455967,5.862586,501,498
9.266035,4.635240,5.684232,520,479
9.272610,4.289713,5.495836,534,465
9.279193,4.527337,5.305710,552,447
9.285758,4.946323,5.123340,564,435
9.292328,5.097559,4.942992,575,424
9.298893,5.163299,4.765523,583,416
9.305425,4.576656,4.581183,588,411
9.311989,4.476661,4.397644,593,406
9.318876,4.643852,4.211366,600,399
9.325774,4.420283,4.027552,601,398
9.332702,4.759853,3.859399,599,400
9.339602,4.454157,3.693538,599,400
9.346497,4.917016,3.544768,598,401
9.353722,4.073488,3.376806,600,399
9.360785,4.393010,3.231872,594,405
9.367703,3.211156,3.079944,586,413
9.374572,2.864270,2.938773,574,425
9.381457,2.528234,2.806751,562,437
9.388330,2.654239,2.686481,558,441
9.395199,2.365615,2.572985,550,449
9.405169,2.177867,2.421286,545,454
9.412215,2.297981,2.321188,543,456
9.419674,2.482330,2.223077,544,455
9.426168,2.470813,2.142323,543,456
9.432730,2.692686,2.069092,542,457
9.439298,2.396641,1.987395,550,449
9.445865,2.446968,1.904809,556,443
9.452441,1.824411,1.804404,568,431
9.459008,1.562426,1.694829,579,420
9.465563,1.139346,1.575058,588,411
9.472155,1.180571,1.451980,599,400
9.478724,1.612889,1.337866,605,394
9.485283,1.476099,1.216795,617,382
9.491838,2.031433,1.106391,624,375
9.498703,0.984103,0.968986,631,368
9.505202,1.255841,0.843470,639,360
9.511753,0.108856,0.695100,645,354
9.518659,-0.048790,0.539318,650,349
9.525556,-0.110869,0.384335,656,343
9.532464,-0.359134,0.227475,660,339
9.539370,-0.007444,0.080627,665,334
9.547376,0.525164,-0.073850,668,331
9.554736,0.714229,-0.204748,668,331
9.561661,0.746561,-0.320806,668,331
9.568573,-0.133644,-0.451279,672,327
9.575485,-0.602925,-0.589567,677,322
9.582393,-0.280483,-0.717517,680,319
9.589311,0.507384,-0.827144,683,316
9.596197,0.031068,-0.942059,684,315
9.603119,-0.863796,-1.075115,691,308
9.610035,-1.076374,-1.211712,697,302
9.617000,-1.152877,-1.349099,702,297
9.623921,-0.949123,-1.474255,701,298
9.630830,-1.599061,-1.606969,702,297
9.637730,-1.863890,-1.734944,697,302
9.644629,-2.224032,-1.863645,696,303
9.651526,-2.105348,-1.984045,696,303
9.658424,-2.130099,-2.101723,698,301
9.665321,-1.828093,-2.211824,703,296
9.672222,-2.136940,-2.330084,711,288
9.679121,-2.084485,-2.448821,719,280
9.686013,-2.211284,-2.575425,732,267
9.692912,-2.457803,-2.711570,745,254
9.699772,-2.653401,-2.858586,762,237
9.706618,-3.320331,-3.022062,774,225
9.713515,-3.494133,-3.192865,786,213
9.720605,-4.160675,-3.379580,794,205
9.727513,-4.203097,-3.558928,799,200
9.734409,-4.165964,-3.733016,803,196
9.741309,-3.931538,-3.896962,806,193
9.748551,-3.937289,-4.063733,808,191
9.755460,-3.928633,-4.210260,802,197
9.762352,-3.924164,-4.343529,794,205
9.769168,-3.855394,-4.466738,793,206
9.776080,-4.187138,-4.588331,787,212
9.782979,-4.425798,-4.708106,786,213
9.789872,-4.472367,-4.824466,788,211
9.796768,-4.470180,-4.937048,789,210
9.803666,-4.609175,-5.049582,792,207
9.810557,-4.931633,-5.168461,798,201
9.817476,-5.111707,-5.291747,805,194
9.824373,-5.651366,-5.423790,810,189
9.831300,-5.842673,-5.556102,812,187
9.838181,-6.071211,-5.689516,816,183
9.845057,-6.153713,-5.823082,822,177
9.852848,-6.168903,-5.971956,827,172
9.859777,-6.659983,-6.110743,830,169
9.866690,-6.849203,-6.250225,834,165
9.873599,-6.050319,-6.372537,840,159
9.880507,-5.578769,-6.486447,847,152
9.887407,-5.560291,-6.603782,858,141
9.894261,-6.124939,-6.732004,866,133
9.901133,-6.576803,-6.872188,876,123
9.908058,-7.046063,-7.021340,882,117
9.914960,-7.135713,-7.166103,883,116
9.921638,-7.260781,-7.303867,885,114
9.928204,-7.689763,-7.441613,884,115
9.934770,-7.942217,-7.580498,887,112
9.941334,-8.233567,-7.714743,882,117
9.947897,-8.672064,-7.849751,879,120
9.955820,-8.888569,-8.003757,877,122
9.962884,-9.109603,-8.140231,876,123
9.969702,-9.112162,-8.267796,877,122
9.976297,-9.019865,-8.382698,875,124
9.983557,-8.718779,-8.492817,871,128
9.990238,-8.614304,-8.588413,871,128
9.996929,-8.457363,-8.678499,873,126
10.003492,-8.335040,-8.759029,871,128
10.010005,-8.259702,-8.840054,879,120
10.016589,-8.065238,-8.919916,885,114
10.023559,-8.099930,-9.010287,895,104
10.030150,-8.157855,-9.099951,905,94
10.036895,-8.483186,-9.198200,909,90
10.043547,-8.668224,-9.301649,919,80
10.050087,-8.917408,-9.407081,923,76
10.056665,-9.373421,-9.520576,927,72
10.063236,-9.633943,-9.635307,928,71
10.069793,-9.945731,-9.750987,928,71
10.076353,-10.601960,-9.872834,926,73
10.083720,-10.872547,-9.998434,916,83
10.090916,-11.143564,-10.111352,905,94
10.097579,-10.882870,-10.202760,899,100
10.104093,-10.484151,-10.273307,889,110
10.110619,-9.656721,-10.320168,883,116
10.117123,-9.512719,-10.360090,881,118
10.123977,-9.665034,-10.402205,878,121
10.130870,-10.269370,-10.463102,889,110
10.137785,-10.498006,-10.536448,901,98
10.144735,-10.501736,-10.615006,911,88
10.151650,-10.415758,-10.702905,929,70
10.158565,-10.390409,-10.798454,944,55
10.165485,-10.610815,-10.907562,960,39
10.172407,-10.859282,-11.025270,970,29
10.179349,-11.627988,-11.161746,981,18
10.186267,-11.907937,-11.301481,986,13
10.193187,-12.015210,-11.439782,989,10
10.200101,-11.864552,-11.569098,989,10
10.207020,-11.966978,-11.684303,977,22
10.213908,-12.914061,-11.801456,963,36
10.220897,-13.120951,-11.907326,950,49
10.227836,-12.912623,-11.999290,944,55
10.234749,-12.051762,-12.063451,936,63
10.242092,-12.072824,-12.122993,929,70
10.249063,-12.349057,-12.181364,928,71
10.256022,-12.100995,-12.234962,931,68
10.262927,-11.647511,-12.281709,937,62
10.269837,-11.723351,-12.337972,949,50
10.276749,-12.113281,-12.412907,966,33
10.283622,-12.335196,-12.502885,983,16
10.290993,-12.136795,-12.598791,992,7
10.298060,-12.282215,-12.692503,996,3
10.305296,-12.642123,-12.795200,1000,0
10.312153,-12.887033,-12.891839,999,0
10.319177,-12.949566,-12.981484,992,7
10.325812,-12.912461,-13.057557,987,12
10.332415,-13.157589,-13.132673,984,15
10.338962,-13.476497,-13.203825,976,23
10.345538,-13.724774,-13.271924,969,30
10.352112,-13.778317,-13.332039,962,37
10.358681,-13.894456,-13.380078,947,52
10.365248,-14.174166,-13.424097,937,62
10.371815,-14.302988,-13.456065,921,78
10.378379,-14.095255,-13.467919,902,97
10.384945,-13.974703,-13.467109,890,109
10.391508,-14.425511,-13.462186,873,126
10.398069,-14.303050,-13.449031,866,133
10.404632,-13.934346,-13.421695,856,143
10.411198,-13.169270,-13.376051,850,149
10.417925,-13.277895,-13.333703,851,148
10.424820,-13.554768,-13.297144,850,149
10.431764,-13.806081,-13.266259,849,150
10.438664,-13.618393,-13.232491,848,151
10.445559,-13.296661,-13.195067,850,149
10.452618,-12.839826,-13.145374,845,154
10.459529,-12.741190,-13.085052,830,169
10.466420,-12.587304,-13.018886,823,176
10.473318,-12.410493,-12.945091,815,184
10.480217,-12.300502,-12.869116,811,188
10.487107,-12.410736,-12.788490,799,200
10.495425,-12.617686,-12.698073,795,204
10.503349,-12.870653,-12.614607,788,211
10.510231,-12.683403,-12.543380,790,209
10.517128,-12.493587,-12.471064,789,210
10.523930,-12.142520,-12.397827,791,208
10.530485,-11.968215,-12.326546,791,208
10.537078,-12.177939,-12.266245,797,202
10.543648,-12.805338,-12.215775,790,209
10.550228,-13.395437,-12.178801,790,209
10.556803,-13.261023,-12.140914,790,209
10.563392,-12.892712,-12.088408,778,221
10.569952,-13.007329,-12.032669,768,231
10.576512,-13.475209,-11.972295,748,251
10.583703,-13.569207,-11.888377,725,274
10.590274,-13.353273,-11.800793,708,291
10.596888,-13.263838,-11.696983,686,313
10.604067,-12.561037,-11.555435,666,333
10.611486,-12.010755,-11.393064,653,346
10.618040,-11.419418,-11.240367,646,353
10.624638,-10.103316,-11.070677,650,349
10.631144,-9.553907,-10.896986,647,352
10.638093,-9.490622,-10.719267,645,354
10.644664,-9.563018,-10.555685,642,357
10.651232,-9.990109,-10.402992,636,363
10.657825,-10.041452,-10.251272,628,371
10.664387,-9.945832,-10.098232,620,379
10.670956,-9.646519,-9.945241,619,380
10.677956,-9.577590,-9.787846,618,381
10.684644,-9.616932,-9.641464,614,385
10.691233,-9.193960,-9.491085,609,390
10.697945,-9.701960,-9.345408,598,401
10.704688,-10.827205,-9.216174,584,415
10.711211,-10.704999,-9.086038,572,427
10.717781,-11.047237,-8.951810,553,446
10.724378,-11.370435,-8.818527,539,460
10.730924,-10.376896,-8.664547,529,470
10.737486,-9.717324,-8.493703,516,483
10.744162,-8.957462,-8.304581,506,493
10.750765,-9.234375,-8.127121,501,498
10.757326,-7.836452,-7.933954,504,495
10.763888,-7.133832,-7.740986,512,487
10.770449,-6.011423,-7.548706,530,469
10.777012,-4.824870,-7.359830,553,446
10.783568,-4.611979,-7.185109,566,433
10.790122,-4.708591,-7.034498,585,414
10.796676,-5.343325,-6.913506,598,401
10.803233,-5.607516,-6.805262,601,398
10.809804,-5.938789,-6.708985,603,396
10.816368,-6.054228,-6.615648,598,401
10.823018,-5.927031,-6.518003,592,407
10.829900,-5.479058,-6.407336,585,414
10.836785,-5.436097,-6.290560,573,426
10.844239,-5.248248,-6.151624,555,444
10.851168,-5.887231,-6.024754,537,462
10.858085,-6.280958,-5.890503,512,487
10.865007,-6.887557,-5.748592,481,518
10.871924,-6.906810,-5.592035,455,544
10.878778,-6.519701,-5.422467,438,561
10.885758,-5.405790,-5.217810,417,582
10.893346,-4.711998,-4.982640,407,592
10.900759,-4.398564,-4.755091,404,595
10.907642,-3.763785,-4.544884,410,589
10.914554,-3.171742,-4.338896,419,580
10.921472,-2.604422,-4.136463,426,573
10.928161,-2.466697,-3.963675,448,551
10.934728,-2.429499,-3.818143,471,528
10.941291,-2.231750,-3.686355,486,513
10.947848,-2.811963,-3.592829,513,486
10.954400,-2.373826,-3.503841,524,475
10.960951,-3.019146,-3.439927,535,464
10.967505,-3.127500,-3.382377,537,462
10.974058,-3.847964,-3.336855,531,468
10.980621,-3.928795,-3.287701,522,477
10.987184,-4.128527,-3.235098,510,489
10.993761,-4.288393,-3.181851,503,496
11.000428,-3.277654,-3.104455,496,503
11.006997,-2.730990,-3.013930,487,512
11.013562,-2.629637,-2.918533,478,521
11.020133,-2.512651,-2.820659,473,526
11.027412,-2.122413,-2.707914,470,529
11.034632,-1.486829,-2.595892,478,521
11.041551,-1.456187,-2.498241,486,513
11.048462,-0.803915,-2.411077,509,490
11.055376,-0.468943,-2.342305,534,465
11.062287,-0.436738,-2.297014,560,439
11.069159,-1.325929,-2.283606,575,424
11.076160,-1.673714,-2.290311,590,409
11.083053,-2.502932,-2.319148,598,401
11.089984,-2.731497,-2.359996,609,390
11.096902,-2.727050,-2.406289,618,381
11.103828,-2.115870,-2.449007,630,369
11.110763,-1.731613,-2.490704,640,359
11.117657,-1.579828,-2.531510,645,354
11.124590,-1.849051,-2.577219,647,352
11.131492,-1.929546,-2.618404,642,357
11.138386,-2.646904,-2.669749,640,359
11.145277,-2.976459,-2.717983,631,368
11.152172,-2.947935,-2.760992,628,371
11.159068,-2.888925,-2.797427,624,375
11.165958,-2.418921,-2.823503,624,375
11.172855,-2.176772,-2.842388,622,377
11.179931,-2.605367,-2.875157,629,370
11.186851,-3.067000,-2.917545,633,366
11.193753,-2.656404,-2.956554,641,358
11.200667,-3.170150,-3.016092,655,344
11.207571,-3.030610,-3.082916,671,328
11.214467,-2.509709,-3.145544,682,317
11.221395,-3.035452,-3.228356,697,302
11.228326,-3.723333,-3.321841,698,301
11.235224,-3.736328,-3.413327,700,299
11.242118,-4.458568,-3.512847,698,301
11.249239,-4.771471,-3.618366,700,299
11.256175,-4.342656,-3.714223,707,292
11.263219,-3.711728,-3.799761,713,286
11.270617,-3.314303,-3.880834,716,283
11.277539,-3.184739,-3.953911,721,278
11.284456,-3.244019,-4.023963,720,279
11.291372,-3.205381,-4.090802,720,279
11.298286,-3.491231,-4.161791,722,277
11.305163,-3.447073,-4.227973,722,277
11.312181,-3.713926,-4.295823,719,280
11.319331,-3.623027,-4.361978,721,278
11.326317,-3.764105,-4.431134,727,272
11.333846,-3.400867,-4.504270,736,263
11.340427,-3.197261,-4.581912,766,233
11.346944,-2.794964,-4.666286,790,209
11.353490,-2.570795,-4.757749,809,190
11.360067,-2.707746,-4.868666,834,165
11.366858,-3.101179,-5.001525,852,147
11.373424,-3.877164,-5.146393,862,137
11.380107,-5.418850,-5.319604,864,135
11.386692,-6.098575,-5.497126,865,134
11.393358,-6.294986,-5.674037,867,132
11.399899,-6.194855,-5.848444,880,119
11.406496,-6.279955,-6.028579,893,106
11.413061,-6.403694,-6.212841,906,93
11.419694,-6.957295,-6.409678,916,83
11.426277,-7.076272,-6.601044,918,81
11.433260,-7.372837,-6.798227,916,83
11.440230,-7.962867,-6.990637,907,92
11.446810,-8.283264,-7.158017,890,109
11.453346,-8.823888,-7.311022,868,131
11.459919,-8.953753,-7.448898,853,146
11.466441,-8.979191,-7.564993,833,166
11.473023,-8.664813,-7.652986,811,188
11.479589,-8.489554,-7.725141,800,199
11.486172,-8.360999,-7.783196,789,210
11.492728,-8.117864,-7.826611,780,219
11.499363,-8.082920,-7.866910,779,220
11.505942,-7.952278,-7.897790,773,226
11.512536,-7.844670,-7.930698,779,220
11.519112,-7.755809,-7.965405,786,213
11.525687,-7.821453,-8.013122,803,196
11.532302,-7.818146,-8.066245,812,187
11.538877,-7.582279,-8.125453,829,170
11.545717,-7.324471,-8.195204,848,151
11.552827,-7.151557,-8.267304,854,145
11.559427,-7.688503,-8.352107,869,130
11.565998,-8.265185,-8.444164,869,130
11.572538,-9.111382,-8.550474,872,127
11.579114,-9.108022,-8.654504,874,125
11.585689,-8.927850,-8.747725,871,128
11.592781,-8.889095,-8.836301,863,136
11.599361,-8.983562,-8.904639,848,151
11.605932,-9.323009,-8.965922,834,165
11.612507,-9.827110,-9.023309,820,179
11.619079,-10.042771,-9.072447,807,192
11.625658,-10.152880,-9.109260,792,207
11.632211,-10.099541,-9.135976,782,217
11.638872,-9.852200,-9.147962,771,228
11.645750,-9.233961,-9.149735,774,225
11.652366,-9.052467,-9.138741,762,237
11.658948,-8.874825,-9.127805,766,233
11.665530,-8.936441,-9.122849,772,227
11.672112,-8.817103,-9.122100,780,219
11.678685,-8.593598,-9.127506,793,206
11.685224,-7.846227,-9.124810,802,197
11.691829,-7.843165,-9.134195,817,182
11.698361,-8.190125,-9.156005,825,174
11.704915,-8.465430,-9.191050,836,163
11.711468,-8.220551,-9.232249,852,147
11.718016,-8.339481,-9.275154,854,145
11.724600,-9.269704,-9.337518,857,142
11.731420,-9.745784,-9.411410,861,138
11.738334,-10.056362,-9.486195,857,142
11.745430,-10.195116,-9.554338,848,151
11.752348,-10.213404,-9.608747,836,163
11.759300,-10.203798,-9.652100,826,173
11.766216,-10.409843,-9.683858,810,189
11.773129,-10.547870,-9.711531,803,196
11.780050,-10.376691,-9.721991,788,211
11.786952,-10.092178,-9.719748,780,219
11.793852,-9.780729,-9.706576,774,225
11.800754,-9.763666,-9.686924,766,233
11.807652,-10.002177,-9.673272,766,233
11.814550,-10.107697,-9.662003,766,233
11.821452,-9.721140,-9.650029,773,226
11.828351,-9.206926,-9.635033,781,218
11.835307,-8.559813,-9.616496,791,208
11.842206,-8.707064,-9.614044,807,192
11.849112,-8.875983,-9.629488,824,175
11.856012,-8.831100,-9.649074,831,168
11.862858,-8.859345,-9.677962,843,156
11.869714,-9.597574,-9.725617,850,149
11.876613,-9.942248,-9.779112,851,148
11.883514,-10.005563,-9.832613,852,147
11.890414,-10.033393,-9.880637,848,151
11.897319,-9.971892,-9.917418,838,161
11.904386,-10.177573,-9.947828,827,172
11.911261,-10.280667,-9.972017,819,180
11.918169,-10.302705,-9.987776,810,189
11.925077,-10.427182,-9.992693,795,204
11.932033,-10.494850,-9.988646,783,216
11.938945,-10.812677,-9.989470,781,218
11.945848,-10.769460,-9.983032,773,226
11.952708,-10.193355,-9.964930,772,227
11.959623,-9.607252,-9.936115,772,227
11.966521,-9.036866,-9.901887,777,222
11.973423,-8.940719,-9.872603,784,215
11.980326,-9.211325,-9.858813,795,204
11.987224,-9.310231,-9.858005,807,192
11.994120,-9.189549,-9.867169,822,177
12.001314,-9.139859,-9.880006,827,172
12.008224,-9.314404,-9.902022,836,163
12.015127,-9.641057,-9.934841,843,156
12.022025,-9.790545,-9.969559,843,156
12.028932,-9.714687,-10.003552,846,153
12.036196,-10.007093,-10.038877,840,159
12.043719,-10.201973,-10.069425,831,168
12.050646,-10.414129,-10.094604,824,175
12.057549,-10.605637,-10.114995,815,184
12.064572,-10.670621,-10.125743,803,196
12.071492,-11.087329,-10.139441,797,202
12.078407,-11.121943,-10.145494,788,211
12.085601,-10.752553,-10.141127,785,214
12.092960,-10.282762,-10.125309,783,216
12.099850,-9.758456,-10.098041,779,220
12.107076,-9.390242,-10.064924,780,219
12.114059,-9.635340,-10.041766,784,215
12.120951,-10.287666,-10.037259,789,210
12.128062,-10.260151,-10.036243,794,205
12.134793,-9.552758,-10.026425,800,199
12.141365,-9.411036,-10.020656,808,191
12.147919,-9.597324,-10.023806,815,184
12.154597,-9.856817,-10.036697,820,179
12.161179,-9.713773,-10.049186,824,175
12.167759,-9.690464,-10.064105,829,170
12.174672,-9.755456,-10.081350,830,169
12.181260,-9.916311,-10.102139,832,167
12.187843,-10.076211,-10.120967,827,172
12.194423,-10.404863,-10.144604,826,173
12.201003,-10.631579,-10.166007,819,180
12.207610,-10.621970,-10.182687,814,185
12.214361,-10.478059,-10.196724,815,184
12.221132,-10.164190,-10.195519,805,194
12.227744,-9.901482,-10.187912,803,196
12.234691,-9.719207,-10.173191,798,201
12.241574,-9.940042,-10.160142,794,205
12.248672,-10.773707,-10.162493,793,206
12.255568,-10.851577,-10.164162,790,209
12.262484,-10.583257,-10.160809,790,209
12.269373,-9.480221,-10.136332,791,208
12.276285,-9.221933,-10.109829,793,206
12.283201,-9.685009,-10.095181,795,204
12.290114,-10.067707,-10.095721,804,195
12.297020,-9.946841,-10.097755,808,191
12.303927,-9.525904,-10.096290,814,185
12.310827,-9.478148,-10.096156,817,182
12.317724,-9.819473,-10.103466,818,181
12.324624,-10.036699,-10.116425,820,179
12.331635,-10.167326,-10.129238,817,182
12.338210,-10.162688,-10.139398,815,184
12.344784,-10.182641,-10.149160,815,184
12.351355,-10.023965,-10.153979,813,186
12.357924,-9.890524,-10.155048,812,187
12.364491,-10.027738,-10.156286,809,190
12.371490,-10.133148,-10.154413,802,197
12.378102,-10.721995,-10.164235,803,196
12.384677,-10.759204,-10.171467,799,200
12.391247,-10.097424,-10.165519,799,200
12.397814,-9.734260,-10.152821,799,200
12.404430,-9.434723,-10.133960,798,201
12.410972,-10.000607,-10.130366,802,197
12.417782,-10.416586,-10.136552,804,195
12.424588,-10.567681,-10.146246,805,194
12.431958,-10.044175,-10.149774,810,189
12.438890,-9.625507,-10.145354,811,188
12.445808,-9.752255,-10.144169,812,187
12.452725,-10.173870,-10.153093,814,185
12.459642,-10.266415,-10.163483,814,185
12.466552,-10.094415,-10.169595,813,186
12.473479,-9.975251,-10.172600,813,186
12.480392,-9.774279,-10.170063,811,188
12.487304,-9.931634,-10.169070,809,190
12.494250,-10.067789,-10.171255,810,189
12.501217,-10.231246,-10.175219,808,191
12.508129,-10.398228,-10.184901,811,188
12.515060,-10.294143,-10.189007,807,192
12.521962,-10.055019,-10.188033,807,192
12.528863,-9.936303,-10.182640,805,194
12.535806,-9.541890,-10.169257,804,195
12.542721,-9.645466,-10.161318,807,192
12.549713,-10.344810,-10.164415,804,195
12.557924,-10.478085,-10.173945,808,191
12.564857,-10.057302,-10.174363,808,191
12.571779,-9.718307,-10.164883,804,195
12.578702,-9.397909,-10.149183,804,195
12.585614,-9.904806,-10.146832,807,192
12.592524,-10.260026,-10.149356,804,195
12.599450,-10.257864,-10.154895,808,191
12.606358,-9.956614,-10.155736,810,189
12.613268,-9.583274,-10.150334,811,188
12.620349,-9.724787,-10.146962,810,189
12.627306,-10.112607,-10.147579,805,194
12.634175,-10.497094,-10.155240,805,194
12.640742,-10.337360,-10.159328,805,194
12.647309,-10.194327,-10.161258,806,193
12.653888,-9.868381,-10.154666,803,196
12.660480,-10.000775,-10.152822,806,193
12.667056,-9.831946,-10.146653,804,195
12.673642,-10.008328,-10.147091,808,191
12.680222,-10.335744,-10.152293,806,193
12.686800,-10.379767,-10.158665,807,192
12.693374,-10.465087,-10.167598,808,191
12.699955,-10.268456,-10.169077,804,195
12.706530,-10.022035,-10.167564,806,193
12.713102,-10.100138,-10.164891,803,196
12.719680,-10.422282,-10.166746,800,199
12.726256,-10.865703,-10.176646,800,199
12.732852,-10.622289,-10.179693,798,201
12.739741,-9.949296,-10.168546,797,202
12.747554,-9.615419,-10.151704,798,201
12.754704,-9.840693,-10.137199,794,205
12.761619,-10.439785,-10.135654,795,204
12.768495,-10.284603,-10.133341,797,202
12.775630,-9.892393,-10.123671,798,201
12.782772,-9.380558,-10.109291,803,196
12.789804,-9.542492,-10.103900,810,189
12.796748,-9.882967,-10.110957,816,183
12.803680,-9.766265,-10.118423,820,179
12.810848,-9.826079,-10.131284,825,174
12.817796,-9.815707,-10.142066,824,175
12.824732,-9.829573,-10.150807,822,177
12.831612,-10.141867,-10.162824,819,180
12.838290,-10.305497,-10.174718,816,183
12.844835,-10.442187,-10.185404,812,187
12.851418,-10.661982,-10.197153,808,191
12.857993,-10.485129,-10.201784,804,195
12.864611,-10.385121,-10.203920,804,195
12.871197,-9.744645,-10.189075,798,201
12.877769,-9.625250,-10.174311,800,199
12.884356,-9.879873,-10.161185,795,204
12.890904,-10.648403,-10.163146,795,204
12.897482,-10.756791,-10.169956,798,201
12.904309,-10.410437,-10.169715,799,200
12.910958,-9.588925,-10.156162,802,197
12.917547,-9.599866,-10.144694,803,196
12.924098,-9.861903,-10.140854,806,193
12.930684,-10.432515,-10.150679,809,190
12.937536,-10.387197,-10.159561,809,190
12.944448,-9.871881,-10.159650,811,188
12.951347,-9.831019,-10.163449,817,182
12.958234,-9.793414,-10.167842,819,180
12.965112,-10.051855,-10.177919,820,179
12.972052,-10.304241,-10.193992,821,178
12.978962,-10.398822,-10.210957,821,178
12.985798,-10.314837,-10.228217,824,175
12.992712,-10.259200,-10.236130,815,184
12.999804,-9.862246,-10.234648,813,186
13.006773,-9.802211,-10.230223,811,188
13.013655,-10.086420,-10.230077,810,189
13.020578,-10.362258,-10.230912,804,195
13.027455,-10.790086,-10.237831,802,197
13.034349,-10.664735,-10.238382,797,202
13.041067,-10.245518,-10.231145,797,202
13.047631,-9.688448,-10.209742,793,206
13.054189,-9.438540,-10.183779,792,207
13.060748,-9.793414,-10.167784,794,205
13.067499,-10.071666,-10.158041,795,204
13.074099,-10.137279,-10.155310,801,198
13.080659,-9.886543,-10.150967,805,194
13.087233,-9.640290,-10.144147,808,191
13.093818,-9.606345,-10.141912,814,185
13.100409,-9.694148,-10.143258,817,182
13.106948,-9.972815,-10.154374,822,177
13.113488,-10.296138,-10.173302,825,174
13.120243,-10.283638,-10.193744,827,172
13.127037,-10.109762,-10.211217,829,170
13.133628,-9.951625,-10.223030,827,172
13.140486,-9.806387,-10.226853,821,178
13.147405,-10.169529,-10.233211,815,184
13.154279,-10.566160,-10.241569,809,190
13.161151,-11.173266,-10.257996,805,194
13.168213,-11.404675,-10.271481,797,202
13.175135,-10.952464,-10.270663,791,208
13.182034,-9.848123,-10.244726,786,213
13.188946,-9.630814,-10.214314,785,214
13.195838,-9.814964,-10.184529,779,220
13.202732,-10.476933,-10.168782,779,220
13.209652,-10.421640,-10.155269,782,217
13.216577,-9.859800,-10.135745,788,211
13.223519,-9.674887,-10.117239,792,207
13.230437,-9.460279,-10.101464,799,200
13.237365,-9.651996,-10.096673,807,192
13.244490,-9.814125,-10.104076,818,181
13.251583,-9.835327,-10.112548,819,180
13.258461,-9.718964,-10.122216,824,175
13.265420,-9.573969,-10.130869,826,173
13.272316,-9.634120,-10.142233,829,170
13.279207,-10.004645,-10.159320,828,171
13.286111,-10.673649,-10.185973,824,175
13.293018,-10.575648,-10.206422,821,178
13.299927,-9.746674,-10.208232,819,180
13.306828,-9.527630,-10.201486,814,185
13.313691,-9.600780,-10.193836,811,188
13.320595,-10.478003,-10.198336,804,195
13.328036,-10.804769,-10.207185,802,197
13.334967,-10.820558,-10.212874,798,201
13.341679,-10.525393,-10.210546,795,204
13.348252,-10.005082,-10.200001,798,201
13.354834,-9.536886,-10.178720,795,204
13.361414,-9.630701,-10.161318,796,203
13.368008,-9.906395,-10.152328,799,200
13.374534,-10.249022,-10.152166,801,198
13.381121,-10.118843,-10.151355,804,195
13.387703,-10.199959,-10.157300,810,189
13.394282,-9.989621,-10.157344,808,191
13.400863,-9.878707,-10.161860,817,182
13.407507,-9.764806,-10.165496,819,180
13.414089,-10.101728,-10.174313,817,182
13.421177,-10.622289,-10.192655,816,183
13.427742,-10.848210,-10.209744,811,188
13.434344,-10.661461,-10.220608,808,191
13.442227,-10.225543,-10.214402,799,200
13.449106,-9.991159,-10.200940,795,204
13.456016,-10.407902,-10.191288,789,210
13.462929,-11.085337,-10.191648,785,214
13.469844,-10.716729,-10.181110,780,219
13.476735,-10.489517,-10.169814,784,215
13.484423,-9.823874,-10.143642,783,216
13.491896,-9.686625,-10.117352,784,215
13.499338,-9.937895,-10.102025,790,209
13.507108,-9.991799,-10.093143,795,204
13.514009,-9.599142,-10.080840,799,200
13.520865,-9.434354,-10.070630,805,194
13.527697,-9.551805,-10.068685,812,187
13.534520,-9.768103,-10.073952,815,184
13.541251,-9.833514,-10.082684,818,181
13.548025,-9.847010,-10.096863,825,174
13.554942,-9.685434,-10.106685,824,175
13.561573,-9.494083,-10.111936,824,175
13.568204,-9.775030,-10.123098,825,174
13.574752,-10.101233,-10.136030,820,179
13.581339,-10.746614,-10.159326,818,181
13.587908,-10.653018,-10.176520,814,185
13.594465,-10.226068,-10.183643,813,186
13.601016,-9.544700,-10.176402,812,187
13.611563,-10.025381,-10.179773,810,189
13.618112,-10.387968,-10.184772,806,193
13.624614,-10.857985,-10.198288,806,193
13.631137,-10.638885,-10.205006,803,196
13.637769,-10.106721,-10.200315,802,197
13.644336,-9.858554,-10.190979,802,197
13.650916,-9.667219,-10.175635,799,200
13.657488,-9.906644,-10.165983,799,200
13.664052,-9.879401,-10.158144,802,197
13.670621,-10.058762,-10.153654,801,198
13.677187,-10.314167,-10.154364,801,198
13.683785,-10.219339,-10.154729,803,196
13.690344,-10.094787,-10.154563,805,194
13.696902,-9.954442,-10.149239,802,197
13.703588,-9.828446,-10.141676,802,197
13.710090,-10.136688,-10.140266,802,197
13.716623,-10.323797,-10.143208,803,196
13.723205,-10.622706,-10.152850,804,195
13.729785,-10.258826,-10.151873,800,199
13.736386,-9.875761,-10.145020,802,197
13.743354,-9.853157,-10.141114,806,193
13.750282,-10.485471,-10.147227,803,196
13.757197,-10.661808,-10.158607,806,193
13.764186,-10.316986,-10.163920,807,192
13.771195,-9.909602,-10.159100,805,194
13.778110,-9.938924,-10.154337,804,195
13.785024,-10.349338,-10.154777,800,199
13.791938,-10.436294,-10.155086,798,201
13.798843,-10.200136,-10.152118,799,200
13.805745,-10.101596,-10.148685,801,198
13.812717,-9.741280,-10.136838,799,200
13.819716,-9.767568,-10.127832,801,198
13.826676,-9.949401,-10.123071,802,197
13.833582,-10.036673,-10.121397,803,196
13.840529,-10.093633,-10.124638,808,191
13.847434,-9.941001,-10.124737,808,191
13.854333,-9.548285,-10.121103,812,187
13.861259,-9.517746,-10.119448,815,184
13.868176,-9.785266,-10.121093,813,186
13.875067,-10.044227,-10.128472,814,185
13.881957,-10.431685,-10.145306,817,182
13.888853,-10.077655,-10.151844,813,186
13.895754,-9.579181,-10.149732,815,184
13.902688,-9.410786,-10.146621,818,181
13.909520,-9.760482,-10.149373,816,183
13.916375,-10.357382,-10.164864,818,181
13.923284,-10.675957,-10.185058,817,182
13.930183,-10.347716,-10.196619,815,184
13.937086,-9.779629,-10.193701,812,187
13.944036,-9.811477,-10.187567,807,192
13.950937,-10.061766,-10.182423,802,197
13.957838,-10.578808,-10.188134,803,196
13.964739,-10.446598,-10.186960,798,201
13.971643,-10.067544,-10.179464,799,200
13.978545,-10.011794,-10.172037,800,199
13.985436,-9.788241,-10.158646,797,202
13.992330,-9.835889,-10.146885,798,201
13.999264,-9.774347,-10.131193,794,205
14.006166,-10.134858,-10.126779,798,201
14.013064,-10.528434,-10.128470,796,203
14.019988,-10.546359,-10.133156,799,200
14.026885,-10.231667,-10.132087,800,199
14.034070,-10.005033,-10.127024,800,199
14.041044,-10.072660,-10.122029,799,200
14.047971,-10.463306,-10.125387,799,200
14.054874,-10.781672,-10.135677,800,199
14.061772,-10.291368,-10.134101,798,201
14.068693,-9.905361,-10.126062,799,200
14.075588,-9.987540,-10.119016,798,201
14.082479,-10.264242,-10.117235,797,202
14.089375,-10.459030,-10.118351,796,203
14.096273,-10.076161,-10.112610,797,202
14.103316,-9.774470,-10.100636,796,203
14.110655,-9.700315,-10.086982,796,203
14.117587,-9.922808,-10.081472,799,200
14.124496,-9.975749,-10.077759,800,199
14.131400,-9.815841,-10.073814,803,196
14.138295,-9.743997,-10.072428,808,191
14.145223,-9.516223,-10.069231,811,188
14.152234,-9.502965,-10.069915,816,183
14.159243,-9.891741,-10.080241,818,181
14.166149,-10.087890,-10.092430,816,183
14.173053,-10.287585,-10.109808,819,180
14.180039,-9.975143,-10.116364,814,185
14.186945,-9.655154,-10.112151,809,190
14.193849,-9.927177,-10.111397,806,193
14.200849,-10.390797,-10.116202,802,197
14.207925,-10.607823,-10.125668,803,196
14.214770,-10.115715,-10.125523,803,196
14.222999,-9.622617,-10.117498,805,194
14.229930,-9.176521,-10.097697,801,198
14.236772,-9.534890,-10.088746,805,194
14.243746,-10.367701,-10.094172,802,197
14.250293,-10.409263,-10.099546,801,198
14.256824,-10.299176,-10.104958,804,195
14.263413,-9.785429,-10.098817,803,196
14.270021,-9.645358,-10.090392,803,196
14.276680,-9.628562,-10.086386,809,190
14.283256,-9.793457,-10.086479,809,190
14.289812,-10.111576,-10.094091,811,188
14.296485,-10.090158,-10.100053,810,189
14.303061,-10.188590,-10.108563,811,188
14.309640,-10.149072,-10.116706,812,187
14.316217,-9.939679,-10.118332,809,190
14.323332,-9.955726,-10.117051,805,194
14.329996,-10.252849,-10.120218,804,195
14.336577,-10.895001,-10.134978,803,196
14.343208,-10.889803,-10.147945,801,198
14.349780,-10.337391,-10.146087,797,202
14.356359,-9.617416,-10.132219,799,200
14.362937,-9.847192,-10.119883,795,204
14.369547,-10.160638,-10.114028,795,204
14.376131,-10.698766,-10.121639,798,201
14.382712,-10.594104,-10.126614,798,201
14.389291,-10.154482,-10.123288,798,201
14.395871,-9.806268,-10.113064,798,201
14.402441,-9.883116,-10.106945,801,198
14.409014,-10.070628,-10.107647,805,194
14.415627,-10.127335,-10.110664,806,193
14.422305,-10.011284,-10.112723,808,191
14.428872,-9.973099,-10.117249,812,187
14.435434,-9.795746,-10.117544,811,188
14.441999,-9.747720,-10.118446,813,186
14.448847,-9.843276,-10.122828,815,184
14.455742,-10.203228,-10.133151,814,185
14.462645,-10.311901,-10.145864,815,184
14.469521,-10.266755,-10.155739,813,186
14.476415,-9.637159,-10.151402,811,188
14.483662,-9.510695,-10.140812,806,193
14.490604,-9.949909,-10.133726,800,199
14.497643,-10.348679,-10.133029,798,201
14.504591,-10.491287,-10.132977,795,204
14.511477,-10.131444,-10.123732,792,207
14.518398,-9.554791,-10.102265,791,208
14.525246,-9.229537,-10.077084,793,206
14.532661,-9.399903,-10.056723,794,205
14.539694,-9.909157,-10.052565,800,199
14.546772,-9.924372,-10.051538,803,196
14.554119,-9.647448,-10.045273,803,196
14.561090,-9.543491,-10.040713,807,192
14.568024,-9.742217,-10.044544,812,187
14.574951,-9.993649,-10.054355,814,185
14.581830,-10.069316,-10.065407,814,185
14.588756,-10.268815,-10.080923,815,184
14.595661,-10.197299,-10.090740,811,188
14.602648,-10.082055,-10.097935,811,188
14.609527,-9.945744,-10.098442,807,192
14.616432,-10.113308,-10.096729,800,199
14.623337,-10.900283,-10.108518,798,201
14.630219,-11.024618,-10.119073,794,205
14.637142,-10.716696,-10.120934,791,208
14.644089,-9.795609,-10.103472,790,209
14.650724,-9.658520,-10.084306,789,210
14.657308,-9.941825,-10.073239,792,207
14.663894,-10.526341,-10.074080,792,207
14.670505,-10.297101,-10.073650,796,203
14.677090,-9.622617,-10.064287,801,198
14.683673,-9.672971,-10.059269,805,194
14.690254,-9.608829,-10.056217,809,190
14.696839,-9.945571,-10.065084,815,184
14.703420,-10.007509,-10.076777,818,181
14.710009,-9.899724,-10.086293,818,181
14.716589,-9.769756,-10.094184,820,179
14.723126,-9.858119,-10.102811,819,180
14.729719,-9.767744,-10.112526,823,176
14.736297,-9.801047,-10.120119,820,179
14.743626,-10.118695,-10.131986,817,182
14.750883,-10.412704,-10.153935,822,177
14.757764,-10.121839,-10.165695,819,180
14.764690,-9.613310,-10.165061,817,182
14.771548,-9.138123,-10.155856,818,181
14.778424,-9.332189,-10.148485,815,184
14.785330,-9.895207,-10.150289,812,187
14.792237,-10.730719,-10.166910,810,189
14.799150,-10.561663,-10.179821,811,188
14.806056,-9.866684,-10.177330,809,190
14.812959,-9.620872,-10.166462,805,194
14.819861,-9.503506,-10.152638,803,196
14.826764,-9.889263,-10.146807,803,196
14.833665,-9.988356,-10.141215,801,198
14.840569,-10.335121,-10.139780,797,202
14.847527,-10.567266,-10.140685,795,204
14.854434,-10.483032,-10.137877,792,207
14.861341,-10.444583,-10.136008,794,205
14.868251,-10.132833,-10.123186,788,211
14.875521,-9.793715,-10.103174,788,211
14.882434,-10.094316,-10.090232,787,212
14.889308,-10.284690,-10.081635,787,212
14.896215,-10.562106,-10.081382,790,209
14.903087,-10.318695,-10.081456,796,203
14.910018,-9.792245,-10.071373,797,202
14.916939,-9.937050,-10.068328,801,198
14.923859,-10.236538,-10.076714,808,191
14.930783,-10.137505,-10.085854,811,188
14.937705,-9.865038,-10.093084,816,183
14.944630,-9.962365,-10.103157,818,181
14.951596,-10.201941,-10.119982,820,179
14.958513,-10.400132,-10.139914,821,178
14.965433,-10.248620,-10.156215,821,178
14.972564,-9.978331,-10.165936,820,179
14.979843,-9.857796,-10.172023,818,181
14.986899,-10.092402,-10.179349,815,184
14.994247,-10.221341,-10.185522,811,188
15.001537,-10.234445,-10.190265,809,190
15.010471,-10.412183,-10.197178,808,191
15.017601,-10.307625,-10.198377,804,195
15.024506,-9.862638,-10.191509,805,194
15.031387,-9.647712,-10.177188,801,198
15.038265,-9.409382,-10.156332,798,201
15.045151,-9.768131,-10.145534,800,199
15.052161,-10.249758,-10.142852,798,201
15.058749,-10.585386,-10.145449,796,203
15.065291,-10.242786,-10.144120,800,199
15.071979,-9.588020,-10.131251,801,198
15.078564,-9.268195,-10.116799,806,193
15.085139,-9.574557,-10.108956,806,193
15.091700,-9.980889,-10.113314,812,187
15.098235,-10.095597,-10.120243,812,187
15.104825,-9.888908,-10.121581,811,188
15.111735,-9.688041,-10.118545,810,189
15.118500,-9.991539,-10.121519,810,189
15.125061,-10.035814,-10.123389,808,191
15.131637,-10.225895,-10.128244,807,192
15.138187,-10.343839,-10.136331,808,191
15.144732,-10.140168,-10.139590,808,191
15.151299,-9.980889,-10.139218,807,192
15.157892,-9.810838,-10.131914,803,196
15.164496,-9.822105,-10.126955,805,194
15.171036,-10.217653,-10.126865,801,198
15.177616,-10.470832,-10.130451,799,200
15.184175,-10.884980,-10.139905,797,202
15.190738,-10.580579,-10.143078,797,202
15.197322,-10.056079,-10.137648,799,200
15.203888,-9.842726,-10.126106,796,203
15.210446,-10.214944,-10.122639,797,202
15.217025,-10.565712,-10.127814,799,200
15.223582,-10.661551,-10.134618,799,200
15.230151,-10.058825,-10.130207,800,199
15.236722,-9.869977,-10.123876,802,197
15.243312,-9.851484,-10.117101,801,198
15.250289,-10.317507,-10.120955,803,196
15.257195,-10.462502,-10.128460,804,195
15.264107,-10.141398,-10.131254,806,193
15.271448,-9.674518,-10.127666,809,190
15.278444,-9.663250,-10.126176,812,187
15.285365,-9.866634,-10.128284,812,187
15.292263,-10.050860,-10.133392,811,188
15.299165,-10.004575,-10.137476,812,187
15.306492,-9.924573,-10.137877,809,190
15.313329,-10.009738,-10.139867,809,190
15.322734,-9.872879,-10.133758,803,196
15.330675,-9.897339,-10.125054,799,200
15.337590,-10.020701,-10.121161,801,198
15.344501,-10.351518,-10.121482,798,201
15.351338,-10.123573,-10.114830,795,204
15.357907,-9.800367,-10.102306,795,204
15.364478,-9.486420,-10.078644,788,211
15.371054,-9.759793,-10.055013,780,219
15.377615,-10.428990,-10.043118,777,222
15.384176,-10.946410,-10.033369,766,233
15.390741,-10.663019,-10.014010,760,239
15.397302,-10.468824,-9.986273,753,246
15.403862,-10.518016,-9.952419,743,256
15.410429,-10.682281,-9.918164,736,263
15.417605,-10.777940,-9.874035,726,273
15.424147,-10.841745,-9.827707,712,287
15.430656,-10.935848,-9.777109,702,297
15.437226,-11.265816,-9.720085,683,316
15.443817,-11.234143,-9.653435,669,330
15.450684,-11.099867,-9.578506,663,336
15.457771,-9.914978,-9.479090,662,337
15.464746,-9.437406,-9.383825,670,329
15.471647,-8.784562,-9.290356,682,317
15.478546,-7.958164,-9.192788,691,308
15.485449,-7.911409,-9.107347,702,297
15.492399,-8.287283,-9.033629,703,296
15.499885,-8.378737,-8.961937,704,295
15.507236,-9.050805,-8.901768,698,301
15.514418,-8.913398,-8.834835,688,311
15.522226,-9.177433,-8.760011,677,322
15.529098,-8.993473,-8.683767,664,335
15.535995,-9.367399,-8.605289,649,350
15.542895,-8.875608,-8.507977,633,366
15.549891,-8.883554,-8.395656,612,387
15.556480,-8.404775,-8.279821,604,395
15.563031,-7.504945,-8.143887,594,405
15.569592,-7.176115,-8.007058,594,405
15.576146,-6.402590,-7.859169,591,408
15.582754,-6.503616,-7.722030,595,404
15.589963,-6.471457,-7.582380,597,402
15.597007,-6.835640,-7.455848,594,405
15.604036,-6.844639,-7.332046,590,409
15.613936,-6.932182,-7.162464,581,418
15.620503,-7.166768,-7.053006,575,424
15.627423,-7.283663,-6.936393,565,434
15.633969,-7.422768,-6.826750,555,444
15.640519,-7.496339,-6.717758,549,450
15.647098,-7.815169,-6.609912,537,462
15.653710,-7.425861,-6.491796,528,471
15.660292,-7.529249,-6.373633,518,481
15.666875,-7.010315,-6.244072,510,489
15.673498,-7.283347,-6.120908,506,493
15.680144,-6.012490,-5.977866,506,493
15.686745,-6.077516,-5.840353,502,497
15.693329,-5.834506,-5.697320,493,506
15.699914,-6.630699,-5.556711,469,530
15.706507,-7.091957,-5.411004,443,556
15.713050,-7.382496,-5.247162,403,596
15.719653,-6.866074,-5.048547,365,634
15.726493,-6.248675,-4.820172,343,656
15.733076,-5.585113,-4.586639,329,670
15.739635,-3.551222,-4.325908,331,668
15.746275,-2.527739,-4.058632,337,662
15.753135,-0.985493,-3.778732,353,646
15.760054,-0.641479,-3.511181,363,636
15.766973,-0.850192,-3.258518,362,637
15.773890,-1.837287,-3.033410,358,641
15.780807,-2.491161,-2.826712,353,646
15.787769,-2.577755,-2.626888,350,649
15.794689,-2.571667,-2.435839,349,650
15.801603,-2.463984,-2.248083,345,654
15.808528,-1.878990,-2.049391,335,664
15.815453,-1.782125,-1.850449,327,672
15.822371,-1.762816,-1.647831,312,687
15.829293,-1.612419,-1.444092,303,696
15.836215,-1.482568,-1.238525,293,706
15.843141,-0.500540,-1.017933,287,712
15.850089,-0.034307,-0.793193,282,717
15.857022,-0.008944,-0.572915,276,723
15.863946,0.219139,-0.348805,264,735
15.870872,-0.159572,-0.130287,250,749
15.877788,-0.189382,0.088774,237,762
15.884899,-0.166671,0.314805,225,774
15.892647,0.547812,0.567564,221,778
15.899586,0.798013,0.791253,218,781
15.906519,1.122626,1.008920,221,778
15.913444,1.474333,1.222585,222,777
15.920367,1.593596,1.428734,222,777
15.927284,1.544910,1.623183,224,775
15.934949,1.579549,1.828108,225,774
15.942219,1.972200,2.018347,229,770
15.949142,2.311277,2.188143,241,758
15.956053,2.702543,2.345735,255,744
15.962964,2.826030,2.492117,263,736
15.969875,2.873933,2.634058,262,737
15.976771,2.210722,2.761247,256,743
15.983678,2.060265,2.889087,245,754
15.990586,2.328745,3.025961,234,765
15.997505,2.796646,3.174234,224,775
16.004416,3.369188,3.333282,216,783
16.011322,4.358623,3.508842,211,788
16.018227,4.723274,3.685898,208,791
16.025133,5.138059,3.869611,201,798
16.032124,5.226469,4.053302,195,804
16.039080,5.087931,4.226212,194,805
16.045990,5.178634,4.394206,192,807
16.052952,5.556739,4.562936,192,807
16.059868,5.177112,4.714356,194,805
16.066786,4.867730,4.850825,197,802
16.073664,5.089322,4.983682,198,801
16.080570,5.733820,5.121129,201,798
16.087473,5.342792,5.247305,198,801
16.094372,4.254315,5.345623,199,800
16.101290,4.536121,5.443367,202,797
16.108524,5.189020,5.550958,206,793
16.115345,6.012200,5.665595,203,796
16.122211,5.548280,5.771020,198,801
16.129124,4.510993,5.857804,192,807
16.136032,4.717283,5.955407,179,820
16.142941,5.242952,6.067959,168,831
16.149843,5.457621,6.189487,156,843
16.156773,5.254148,6.311442,144,855
16.163681,5.996612,6.440828,146,853
16.170588,7.029502,6.577504,155,844
16.177490,8.025857,6.720992,162,837
16.184387,8.578927,6.862467,170,829
16.191288,8.276776,6.982959,181,818
16.198185,7.604931,7.076623,191,808
16.205070,7.624146,7.163517,195,804
16.211985,7.818293,7.241496,206,793
16.219191,8.798649,7.328398,216,783
16.226124,9.190222,7.406016,230,769
16.233032,9.202512,7.473919,238,761
16.239931,9.014439,7.535625,237,762
16.246874,8.347262,7.579834,239,760
16.253796,8.022244,7.620506,233,766
16.260687,8.225292,7.668412,227,772
16.267576,8.373956,7.721207,222,777
16.274458,8.311213,7.778851,212,787
16.281374,8.281345,7.845317,198,801
16.288273,8.237284,7.920773,182,817
16.295618,8.052732,8.006608,167,832
16.302731,7.971614,8.093282,156,843
16.311218,8.021571,8.204486,145,854
16.318136,7.937464,8.287850,146,853
16.324963,8.001388,8.368214,145,854
16.331779,8.651842,8.451097,154,845
16.338619,8.632150,8.521344,164,835
16.345505,8.477870,8.580759,171,828
16.352886,7.527550,8.608426,187,812
16.359768,7.433535,8.619451,200,799
16.366320,7.794172,8.619743,220,779
16.373795,8.263841,8.620168,233,766
16.380606,9.562702,8.639372,240,759
16.387148,9.547117,8.650039,249,750
16.393732,9.507654,8.656309,253,746
16.400311,8.780278,8.642603,260,739
16.406883,9.084267,8.631528,265,734
16.413454,9.634404,8.628539,269,730
16.420132,9.705105,8.627851,268,731
16.426722,9.468670,8.625106,265,734
16.433298,9.353337,8.622116,263,736
16.440050,9.247820,8.619030,260,739
16.446640,9.244779,8.618681,257,742
16.453217,9.255253,8.620740,254,745
16.459843,9.161725,8.621005,254,745
16.466438,9.298184,8.625621,252,747
16.473021,9.166327,8.624375,256,743
16.480026,9.020461,8.612547,264,735
16.487732,8.783591,8.590096,269,730
16.494293,8.019069,8.552720,275,724
16.500940,7.917770,8.508165,283,716
16.507450,7.815788,8.462337,286,713
16.513966,7.863718,8.410953,297,702
16.520527,8.210853,8.362549,304,695
16.527094,8.069187,8.306945,312,687
16.533684,8.532588,8.256022,320,679
16.540230,8.304413,8.201338,323,676
16.547440,8.046304,8.137798,324,675
16.554121,8.267349,8.081782,329,670
16.560766,8.161213,8.026877,328,671
16.567343,8.865664,7.984195,334,665
16.573914,8.547955,7.931937,340,659
16.580490,8.656227,7.879505,346,653
16.587069,8.284619,7.816134,354,645
16.593647,8.071875,7.747410,359,640
16.600231,7.896716,7.677093,360,639
16.606819,7.686315,7.606895,359,640
16.613400,7.652050,7.541808,355,644
16.619980,7.498329,7.478295,353,646
16.626558,7.179659,7.415611,347,652
16.633175,7.638111,7.365987,345,654
16.639748,7.959456,7.326103,344,655
16.646345,8.191463,7.293041,343,656
16.652979,7.716035,7.251456,344,655
16.659842,7.343665,7.199886,347,652
16.666754,7.505892,7.147863,354,645
16.673668,7.145387,7.085935,360,639
16.680578,6.890266,7.013965,369,630
16.687565,7.393622,6.933948,394,605
16.694559,7.693463,6.845332,415,584
16.701443,7.521706,6.741658,436,563
16.708323,7.206033,6.627423,447,552
16.715231,6.456036,6.493151,459,540
16.722099,6.232771,6.356433,465,534
16.728996,6.647801,6.222980,478,521
16.735891,6.652400,6.088811,486,513
16.742802,6.744717,5.957220,492,507
16.749813,5.925875,5.809546,496,503
16.756754,5.722958,5.662642,500,499
16.763645,5.338459,5.510578,507,492
16.770531,5.898311,5.369802,514,485
16.777414,5.827675,5.223278,527,472
16.784309,5.827823,5.072202,541,458
16.791212,5.285976,4.906128,554,445
16.798105,5.064472,4.728836,571,428
16.805004,4.881454,4.537893,593,406
16.811905,4.424946,4.321960,623,376
16.818840,4.397365,4.095892,645,354
16.825739,5.079400,3.865653,679,320
16.832640,4.869808,3.619225,706,293
16.839537,4.367252,3.356320,728,271
16.846436,2.596495,3.059879,741,258
16.853333,2.609994,2.773777,744,255
16.860250,1.226357,2.473366,743,256
16.867151,0.901576,2.188641,733,266
16.874043,1.251237,1.929698,726,273
16.880938,1.283943,1.697301,708,291
16.887829,1.572746,1.495235,691,308
16.894747,1.776214,1.317702,676,323
16.901640,2.106534,1.159242,671,328
16.908531,2.438689,1.017232,668,331
16.915430,2.582826,0.880350,672,327
16.922350,2.525886,0.744106,677,322
16.929262,1.766154,0.594993,682,317
16.936174,1.179581,0.440029,683,316
16.943089,0.387871,0.278057,681,318
16.949953,-0.406704,0.112792,676,323
16.956812,-0.653977,-0.049278,676,323
16.963747,-1.609305,-0.214331,663,336
16.970648,-1.286394,-0.358213,655,344
16.977547,-1.412804,-0.492644,648,351
16.984594,-1.449879,-0.620813,644,355
16.991524,-2.053684,-0.752950,644,355
16.999582,-1.556963,-0.890070,649,350
17.006495,-1.004307,-1.002381,660,339
17.013390,-0.670103,-1.116207,676,323
17.020294,-0.144718,-1.234165,699,300
17.027193,0.043467,-1.365872,727,272
17.034079,0.234691,-1.503814,746,253
17.040972,-0.040815,-1.659548,768,231
17.047865,-1.114891,-1.843299,785,214
17.054754,-1.725908,-2.037360,793,206
17.061447,-2.341884,-2.232867,798,201
17.068077,-3.342184,-2.433566,792,207
17.075584,-3.884525,-2.645645,778,221
17.082447,-3.905008,-2.820080,762,237
17.089188,-4.091059,-2.978588,750,249
17.095814,-3.930631,-3.110053,731,268
17.102394,-4.222932,-3.226629,713,286
17.108976,-4.306288,-3.333714,706,293
17.115555,-4.461091,-3.428725,692,307
17.122124,-4.217617,-3.511735,688,311
17.128714,-3.797309,-3.589439,696,303
17.137289,-2.639865,-3.678752,713,286
17.143927,-2.458671,-3.751684,732,267
17.150908,-2.581867,-3.842760,749,250
17.157881,-3.373766,-3.954405,760,239
17.164614,-3.846815,-4.070707,765,234
17.171238,-5.034608,-4.205921,769,230
17.177740,-5.094926,-4.336532,771,228
17.184309,-5.226780,-4.465188,771,228
17.190874,-5.594832,-4.590331,765,234
17.197605,-5.748293,-4.706341,753,246
17.204155,-5.936057,-4.811686,745,254
17.210943,-6.159704,-4.907116,729,270
17.217516,-6.068327,-4.985044,717,282
17.224081,-5.836710,-5.049848,710,289
17.230648,-5.380383,-5.094413,700,299
17.237213,-5.241129,-5.131171,695,304
17.243830,-5.133270,-5.162335,693,306
17.250406,-4.588073,-5.178830,690,309
17.257826,-4.420717,-5.195234,690,309
17.264795,-4.172190,-5.200880,686,313
17.271687,-4.334296,-5.202564,678,321
17.278608,-4.717545,-5.200992,665,334
17.285509,-4.694235,-5.183894,647,352
17.292410,-4.881443,-5.164278,638,361
17.299322,-4.811006,-5.130808,622,377
17.306231,-4.821522,-5.075088,593,406
17.313122,-4.917806,-5.011193,578,421
17.320007,-4.929389,-4.944958,571,428
17.326891,-4.508735,-4.868546,565,434
17.333782,-2.976721,-4.771207,572,427
17.340719,-2.679842,-4.683582,586,413
17.347626,-2.603333,-4.610427,601,398
17.354525,-2.786646,-4.561625,622,377
17.361479,-2.865085,-4.537941,648,351
17.368382,-2.304433,-4.536880,687,312
17.376244,-2.228695,-4.589775,740,259
17.383162,-1.450326,-4.666707,804,195
17.390074,-0.366259,-4.759549,854,145
17.396986,-1.026224,-4.927020,933,66
17.403898,-1.471071,-5.158562,1000,0
17.410845,-2.570925,-5.448217,1000,0
17.419201,-5.331899,-5.886342,1000,0
17.426157,-6.797232,-6.269080,1000,0
17.433031,-9.576570,-6.676187,1000,0
17.439949,-10.653609,-7.080044,1000,0
17.446840,-11.658494,-7.458157,1000,0
17.453680,-13.076773,-7.806026,1000,0
17.460665,-13.486917,-8.107918,963,36
17.467758,-13.445782,-8.367690,927,72
17.474775,-13.504488,-8.562192,863,136
17.481667,-14.164028,-8.703551,795,204
17.488583,-14.214156,-8.788168,733,266
17.495968,-13.808924,-8.813313,681,318
17.502907,-12.145955,-8.784356,651,348
17.509792,-11.350307,-8.717717,621,378
17.516792,-10.244295,-8.621239,610,389
17.523682,-9.749974,-8.532384,623,376
17.530569,-9.133339,-8.461440,655,344
17.537525,-7.326310,-8.381380,684,315
17.545332,-6.199780,-8.338510,750,249
17.552382,-4.838570,-8.322537,812,187
17.559410,-4.086633,-8.352233,883,116
17.566044,-3.746454,-8.416296,944,55
17.572624,-3.785882,-8.509933,986,13
17.579239,-4.082846,-8.643631,1000,0
17.585932,-4.685779,-8.813143,1000,0
17.592661,-5.173942,-8.998446,1000,0
17.599300,-5.702744,-9.186145,1000,0
17.605865,-7.002311,-9.381884,1000,0
17.612415,-7.816076,-9.576307,1000,0
17.618963,-8.664186,-9.755882,1000,0
17.625546,-10.664064,-9.948925,1000,0
17.632130,-11.434931,-10.111437,967,32
17.638710,-11.704889,-10.224447,907,92
17.645288,-11.570568,-10.300811,870,129
17.651869,-11.790733,-10.323576,800,199
17.658443,-12.285387,-10.304070,736,263
17.665327,-12.775229,-10.262540,700,299
17.672243,-12.251113,-10.173721,653,346
17.679161,-10.658659,-10.035748,626,373
17.686071,-10.079412,-9.882911,614,385
17.692982,-9.750984,-9.733811,618,381
17.699846,-9.018970,-9.594130,638,361
17.706762,-8.803948,-9.485302,674,325
17.713671,-8.180977,-9.399973,711,288
17.720528,-8.348937,-9.347016,742,257
17.727423,-8.153549,-9.333512,792,207
17.734507,-8.666188,-9.366835,834,165
17.741413,-9.066271,-9.438550,875,124
17.748657,-9.938668,-9.553908,905,94
17.755554,-10.147571,-9.676610,921,78
17.762552,-10.911690,-9.819628,932,67
17.769144,-12.235765,-9.971908,927,72
17.775702,-12.672719,-10.120299,921,78
17.782261,-12.841144,-10.244803,894,105
17.788862,-12.937572,-10.338193,859,140
17.795450,-13.114378,-10.409332,831,168
17.802031,-13.302750,-10.447178,788,211
17.808613,-13.320706,-10.451148,747,252
17.815197,-13.109120,-10.435826,728,271
17.821777,-12.658846,-10.390791,700,299
17.828390,-11.465160,-10.318007,693,306
17.834993,-10.694415,-10.228825,687,312
17.841576,-9.927677,-10.135648,695,304
17.848156,-8.596087,-10.025980,702,297
17.854736,-8.109756,-9.927287,722,277
17.862362,-7.126175,-9.831870,752,247
17.869349,-6.819037,-9.766445,786,213
17.876284,-6.422476,-9.726586,823,176
17.883209,-6.132191,-9.701563,846,153
17.890129,-6.014270,-9.702171,878,121
17.897053,-6.216329,-9.727769,904,95
17.903996,-6.399821,-9.766525,916,83
17.910915,-7.560899,-9.829059,920,79
17.917788,-8.358392,-9.904724,921,78
17.924736,-8.798312,-9.977001,910,89
17.931644,-9.396246,-10.045397,895,104
17.938551,-9.423546,-10.099328,881,118
17.946480,-9.906619,-10.156952,868,131
17.953825,-10.110907,-10.188819,842,157
17.961040,-10.595383,-10.209955,821,178
17.967878,-10.810160,-10.216289,799,200
17.974611,-10.971964,-10.211120,781,218
17.981281,-11.110904,-10.202237,773,226
17.987925,-11.139071,-10.188247,765,234
17.994753,-11.257511,-10.175173,764,235
18.001354,-11.526460,-10.165525,759,240
18.007944,-11.601344,-10.160394,762,237
18.014534,-11.185617,-10.148432,764,235
18.021219,-10.887352,-10.131471,765,234
18.027805,-10.656769,-10.117013,772,227
18.034998,-10.938223,-10.108328,774,225
18.041588,-11.098761,-10.112816,784,215
18.048166,-11.116088,-10.120340,788,211
18.054747,-10.895001,-10.130572,797,202
18.061329,-10.933895,-10.147282,805,194
18.067965,-11.008185,-10.167727,809,190
18.074800,-10.867504,-10.188523,813,186
18.081625,-10.880419,-10.208743,813,186
18.088230,-11.177565,-10.230741,810,189
18.094822,-11.572499,-10.254869,804,195
18.101412,-11.403850,-10.275338,805,194
18.108002,-11.124092,-10.287241,802,197
18.114594,-10.438058,-10.283606,800,199
18.121140,-10.235985,-10.278006,802,197
18.127735,-10.062851,-10.266653,799,200
18.134285,-9.967834,-10.250936,795,204
18.140863,-9.978733,-10.234921,793,206
18.147444,-9.714687,-10.210200,788,211
18.154026,-8.913535,-10.169557,786,213
18.160614,-8.606424,-10.121202,782,217
18.167557,-8.361385,-10.068205,781,218
18.174482,-8.450075,-10.024093,786,213
18.181412,-8.284620,-9.983762,792,207
18.188339,-7.383336,-9.934087,800,199
18.195208,-7.233560,-9.892662,811,188
18.202065,-7.385098,-9.863070,820,179
18.208971,-7.940459,-9.849669,825,174
18.215878,-7.977087,-9.845117,834,165
18.222782,-8.116432,-9.847355,838,161
18.229700,-8.402376,-9.860720,845,154
18.236849,-9.290991,-9.898561,853,146
18.243958,-9.400125,-9.944139,862,137
18.250906,-9.408364,-9.996445,873,126
18.257782,-9.794286,-10.052301,872,127
18.264778,-10.191520,-10.112898,870,129
18.271683,-10.928984,-10.181105,866,133
18.278551,-11.233435,-10.238360,850,149
18.285559,-11.484346,-10.290998,841,158
18.292763,-11.623062,-10.326531,819,180
18.299675,-11.789964,-10.354820,809,190
18.306547,-11.837590,-10.369731,793,206
18.313755,-11.920877,-10.380764,788,211
18.320593,-12.155252,-10.382567,771,228
18.327391,-12.319013,-10.382115,764,235
18.334326,-12.397697,-10.372704,752,247
18.341267,-12.339967,-10.359793,749,250
18.348129,-11.916533,-10.334739,743,256
18.355082,-11.325949,-10.298266,742,257
18.361950,-10.377158,-10.248128,745,254
18.368679,-10.145038,-10.205467,756,243
18.375246,-9.913542,-10.171401,770,229
18.381805,-9.641818,-10.143007,782,217
18.388395,-9.430402,-10.123093,796,203
18.394960,-9.231356,-10.114145,814,185
18.401524,-9.160079,-10.111998,824,175
18.408087,-9.215984,-10.118274,833,166
18.414652,-9.086572,-10.124002,836,163
18.421267,-9.159310,-10.132064,837,162
18.427830,-9.481973,-10.145218,836,163
18.434387,-9.779984,-10.161891,834,165
18.440945,-9.466636,-10.170396,833,166
18.447645,-9.133759,-10.166552,825,174
18.454205,-8.916982,-10.151224,816,183
18.460768,-9.303266,-10.137065,807,192
18.467638,-9.612077,-10.119428,795,204
18.474535,-9.923279,-10.104832,790,209
18.481436,-9.769158,-10.079806,780,219
18.488337,-9.296101,-10.046023,779,220
18.495466,-8.624294,-10.005705,786,213
18.502895,-8.401627,-9.969460,794,205
18.509985,-8.617913,-9.945242,801,198
18.516912,-8.969942,-9.938428,813,186
18.523821,-9.187767,-9.945164,824,175
18.530729,-9.197272,-9.963114,837,162
18.537640,-9.252144,-9.991105,849,150
18.544531,-9.333893,-10.023152,854,145
18.551600,-9.609560,-10.068846,864,135
18.558537,-10.751361,-10.135872,866,133
18.565458,-11.236530,-10.209487,867,132
18.572371,-11.786726,-10.294015,871,128
18.579679,-11.560677,-10.365525,862,137
18.588017,-11.334449,-10.423115,850,149
18.595148,-11.355289,-10.461439,836,163
18.603876,-11.752969,-10.484989,812,187
18.610748,-11.989034,-10.498067,794,205
18.617830,-12.099744,-10.497324,777,222
