8.537004,-1
8.543329,-1
8.549711,-1
8.555944,-1
8.562135,0
8.568502,0
8.574957,0
8.581285,0
8.588564,0
8.594694,0
8.601053,0
8.607282,0
8.613656,2
8.620539,2
8.626706,2
8.635911,2
8.644032,2
8.651032,2
8.657461,4
8.663691,4
8.670251,4
8.676833,4
8.685122,4
8.691347,4
8.697729,4
8.704040,4
8.710156,4
8.716270,4
8.722462,3
8.729952,3
8.736377,3
8.743550,3
8.750031,3
8.756264,3
8.762560,3
8.768847,3
8.775459,3
8.782291,3
8.789155,3
8.797809,3
8.804250,3
8.810519,3
8.816886,3
8.823104,1
8.832067,1
8.838323,1
8.844857,1
8.851620,1
8.857959,1
8.864309,1
8.871570,0
8.878168,0
8.884980,0
8.891426,0
8.898027,0
8.906783,0
8.913053,0
8.919250,0
8.925743,0
8.936489,0
8.943229,0
8.949703,0
8.955981,0
8.962190,0
8.968530,0
8.974721,0
8.981300,0
8.988100,0
8.997568,0
9.004432,0
9.011150,0
9.017476,0
9.024410,0
9.032055,0
9.038292,0
9.046498,0
9.052884,0
9.059137,0
9.065336,0
9.071448,1
9.078010,1
9.085107,1
9.091340,1
9.102461,1
9.109320,1
9.115699,1
9.121854,1
9.132004,1
9.138258,1
9.146110,1
9.152617,1
9.159454,1
9.166191,2
9.173387,2
9.179759,2
9.186076,2
9.193190,2
9.199453,2
9.205647,2
9.211891,2
9.218620,2
9.225553,2
9.231964,2
9.238812,2
9.245179,2
9.251451,2
9.257653,2
9.263986,2
9.270931,2
9.280390,2
9.287575,2
9.294432,2
9.300919,2
9.307450,2
9.316397,2
9.323110,2
9.329731,2
9.336705,2
9.343000,2
9.349566,2
9.355668,2
9.361829,2
9.367939,2
9.374164,2
9.382064,2
9.388279,2
9.395420,2
9.402161,2
9.408431,2
9.414776,2
9.420969,2
9.428464,3
9.437534,3
9.445775,3
9.452199,3
9.458483,3
9.464885,3
9.471028,3
9.477876,2
9.484937,2
9.492443,2
9.500462,2
9.509015,2
9.515353,2
9.521479,2
9.528049,2
9.534354,2
9.541366,2
9.549209,2
9.556435,2
9.563395,2
9.569999,2
9.576284,3
9.583486,3
9.590246,3
9.598350,3
9.605178,3
9.611676,3
9.617906,3
9.624563,3
9.630899,3
9.639446,3
9.646086,3
9.652754,3
9.659094,3
9.665425,3
9.671660,3
9.677969,3
9.684114,3
9.692594,3
9.698865,3
9.708575,3
9.715188,3
9.721859,3
9.728174,3
9.735477,3
9.743217,3
9.749553,3
9.757177,3
9.763776,3
9.770464,3
9.777599,3
9.784316,3
9.791629,3
9.798168,3
9.805594,3
9.812994,3
9.819432,3
9.825984,3
9.832129,3
9.838624,3
9.845108,3
9.851297,3
9.859660,3
9.866020,3
9.872445,3
9.879178,3
9.885384,3
9.891682,3
9.898044,3
9.905713,3
9.912615,3
9.918946,3
9.925212,3
9.931518,3
9.937608,3
9.944170,3
9.950984,3
9.957641,3
9.964763,3
9.971467,3
9.978048,3
9.984193,3
9.990809,2
9.997373,2
10.003822,2
10.011889,2
10.018600,2
10.025188,2
10.031796,2
10.038372,3
10.044986,3
10.052469,3
10.059325,3
10.066660,3
10.073275,3
10.079636,3
10.086183,3
10.092686,3
10.099409,3
10.106079,3
10.113503,3
10.119658,3
10.126838,3
10.133527,3
10.140544,3
10.147555,3
10.153944,3
10.162284,3
10.169436,3
10.175848,3
10.182027,3
10.188214,2
10.195512,2
10.206264,2
10.213000,2
10.219223,2
10.225546,2
10.231805,2
10.238526,3
10.245105,3
10.252089,3
10.258450,3
10.265167,3
10.271365,3
10.277708,3
10.283913,3
10.290165,3
10.296712,3
10.306113,3
10.312602,3
10.319442,3
10.325721,3
10.331936,3
10.338222,3
10.344411,3
10.351678,3
10.357906,3
10.364669,3
10.371352,3
10.382745,3
10.388880,3
10.395098,3
10.401731,3
10.409970,3
10.416468,3
10.423020,3
10.429333,3
10.435571,3
10.441808,3
10.447958,3
10.454336,3
10.464774,3
10.471886,3
10.478085,3
10.484305,3
10.490664,3
10.496851,3
10.503157,3
10.509758,3
10.516005,3
10.522733,3
10.529346,3
10.535552,3
10.541911,3
10.548045,3
10.554337,2
10.560555,2
10.573074,2
10.579677,2
10.585923,2
10.592329,2
10.598529,2
10.604893,2
10.611634,2
10.617989,2
10.625638,2
10.631788,2
10.639224,2
10.645369,2
10.651738,2
10.659261,2
10.666039,2
10.674013,2
10.680192,2
10.686484,2
10.694030,2
10.701327,3
10.707903,3
10.714120,3
10.720829,3
10.727319,3
10.733496,3
10.739883,3
10.746039,3
10.752885,3
10.760390,3
10.766760,3
10.776628,3
10.783150,3
10.789372,3
10.795640,3
10.801795,3
10.808370,2
10.814803,2
10.825482,2
10.832036,2
10.838681,2
10.844875,2
10.851175,2
10.857404,2
10.863597,3
10.870994,3
10.878572,3
10.885287,3
10.891825,3
10.898037,3
10.904646,3
10.911233,3
10.918860,3
10.926276,3
10.932713,3
10.941305,3
10.948700,3
10.956046,3
10.962211,3
10.969312,2
10.976677,2
10.983622,2
10.990915,2
10.998014,2
11.004515,2
11.010713,2
11.016983,2
11.023547,2
11.033140,2
11.040291,2
11.046667,2
11.052876,2
11.059126,2
11.065297,2
11.071459,3
11.078894,3
11.085174,3
11.091316,3
11.098415,3
11.104690,3
11.111666,3
11.118517,4
11.124845,4
11.131232,4
11.137658,4
11.145624,4
11.152425,4
11.158850,4
11.165023,4
11.172113,4
11.178549,4
11.186374,4
11.193755,4
11.201261,4
11.207789,4
11.213988,3
11.220382,3
11.226880,3
11.234623,3
11.241730,3
11.248639,3
11.255088,3
11.261482,3
11.269536,3
11.275764,3
11.282249,3
11.288869,3
11.295046,3
11.301376,3
11.307517,3
11.314769,3
11.321065,3
11.328624,3
11.336583,3
11.343335,3
11.350221,3
11.356652,3
11.364321,2
11.376591,2
11.383285,2
11.389726,2
11.395957,2
11.402381,2
11.409674,2
11.416124,3
11.423023,3
11.430086,3
11.437060,3
11.443249,3
11.449569,3
11.455724,3
11.462156,2
11.469975,2
11.476901,2
11.484554,2
11.490777,2
11.497096,2
11.503918,2
11.510150,2
11.520669,2
11.527004,2
11.533895,2
11.540139,2
11.550983,2
11.557164,2
11.563789,2
11.570012,2
11.576569,2
11.583677,2
11.590263,2
11.598107,2
11.604478,2
11.611938,2
11.620706,2
11.627584,2
11.634970,2
11.642625,2
11.648924,2
11.656552,2
11.662821,2
11.669349,2
11.675797,2
11.682125,2
11.688658,2
11.694982,2
11.701373,2
11.707608,2
11.713802,2
11.720011,2
11.726210,2
11.733684,2
11.740168,2
11.747819,2
11.754285,2
11.761230,2
11.768867,2
11.775331,2
11.782255,2
11.789091,2
11.795828,2
11.802142,2
11.808394,2
11.814704,2
11.820858,3
11.827064,3
11.834137,3
11.840542,3
11.848610,3
11.854783,3
11.861936,3
11.868104,2
11.874910,2
11.882916,2
11.889544,2
11.896638,2
11.908632,2
11.914878,2
11.921040,2
11.929327,2
11.935554,2
11.942411,2
11.948741,2
11.954929,2
11.961334,2
11.967505,3
11.974133,3
11.983324,3
11.989850,3
11.996420,3
12.002638,3
12.009458,3
12.015710,3
12.023812,2
12.030784,2
12.036995,2
12.045481,2
12.051720,2
12.061264,2
12.067510,2
12.073713,3
12.080997,3
12.087234,3
12.096467,3
12.103224,3
12.109510,3
12.115816,3
12.121927,3
12.128535,3
12.135438,3
12.143672,3
12.150851,3
12.157143,3
12.164111,3
12.170706,2
12.179587,2
12.186167,2
12.194032,2
12.202851,2
12.209472,2
12.215883,2
12.222267,2
12.230488,2
12.237209,2
12.244031,2
12.250436,2
12.256690,2
12.263011,2
12.269197,2
12.275441,2
12.281977,2
12.288705,2
12.295242,2
12.301917,2
12.308209,2
12.314511,2
12.320665,1
12.327907,1
12.335308,1
12.341600,1
12.348563,1
12.354711,1
12.361143,1
12.367338,1
12.373687,1
12.381428,1
12.387605,1
12.394078,1
12.400856,1
12.407128,1
12.413409,1
12.419591,1
12.425930,1
12.432851,1
12.439637,1
12.446074,1
12.453043,1
12.459324,1
12.465623,1
12.471853,1
12.478032,1
12.484509,1
12.490906,1
12.497267,1
12.504281,1
12.510591,1
12.516849,1
12.523083,1
12.530668,1
12.537745,1
12.544093,1
12.550957,1
12.557236,1
12.563561,1
12.569738,1
12.576107,1
12.583395,1
12.589705,1
12.596622,1
12.602881,1
12.609332,1
12.615493,1
12.621688,1
12.627990,1
12.635366,1
12.642075,1
12.649011,1
12.657389,1
12.663825,1
12.670285,1
12.677058,1
12.683287,1
12.691465,1
12.699280,1
12.706099,1
12.712400,1
12.719012,1
12.726353,1
12.732589,1
12.742726,1
12.749165,1
12.755819,1
12.762626,1
12.769915,1
12.777563,1
12.784198,1
12.791841,1
12.798152,1
12.805303,1
12.811523,1
12.818486,1
12.825073,1
12.831900,1
12.839018,1
12.845361,1
12.851501,1
12.858068,1
12.864577,1
12.871355,1
12.878737,1
12.885785,1
12.892864,1
12.899320,1
12.906682,0
12.912892,0
12.919284,0
12.930208,0
12.938376,0
12.944878,0
12.951004,1
12.958338,1
12.964811,1
12.971964,1
12.979910,1
12.986621,1
12.993213,1
12.999599,1
13.006040,1
13.012566,1
13.019515,1
13.027094,1
13.033370,1
13.040561,1
13.046889,1
13.053409,1
13.060595,1
13.067420,1
13.075045,1
13.081492,1
13.088862,1
13.095234,1
13.101923,1
13.108122,1
13.114470,1
13.121218,1
13.128580,1
13.135214,1
13.141688,1
13.147843,1
13.155293,0
13.161648,0
13.168756,0
13.176768,0
13.182888,0
13.189605,0
13.196070,-1
13.202868,-1
13.210586,-1
13.216911,-1
13.224114,-1
13.230618,-1
13.238709,-1
13.245335,-1
13.253210,-6
13.259539,-6
13.266409,-6
13.273647,-6
13.280866,-6
13.287127,-6
13.294348,-6
13.300607,-6
13.306929,-19
13.313998,-19
13.320877,-19
13.330675,-19
13.338931,-19
13.345276,-19
13.351722,-29
13.358038,-29
13.364595,-29
13.374352,-29
13.380867,-29
13.388200,-29
13.394491,-29
13.400682,-35
13.407173,-35
13.413949,-35
13.420451,-35
13.428569,-35
13.436725,-35
13.443043,-35
13.449197,-41
13.456573,-41
13.463085,-41
13.469707,-41
13.477657,-41
13.483871,-41
13.490771,-41
13.497035,-44
13.503789,-44
13.510275,-44
13.518620,-44
13.525223,-44
13.531590,-44
13.538033,-42
13.544550,-42
13.551083,-42
13.557316,-42
13.563577,-42
13.570344,-42
13.576716,-42
13.582928,-42
13.589873,-39
13.596133,-39
13.602614,-39
13.609538,-39
13.616231,-39
13.622604,-39
13.629203,-34
13.635612,-34
13.642840,-34
13.649139,-34
13.656425,-34
13.662712,-34
13.669049,-34
13.675318,-29
13.681770,-29
13.688154,-29
13.695066,-29
13.701372,-29
13.707654,-29
13.713842,-29
13.720111,-27
13.727955,-27
13.736237,-27
13.745533,-27
13.753454,-27
13.760160,-27
13.767253,-24
13.773799,-24
13.781317,-24
13.790088,-24
13.796567,-24
13.804619,-24
13.810694,-24
13.818158,-21
13.824703,-21
13.831806,-21
13.838825,-21
13.847157,-21
13.854775,-21
13.861084,-18
13.867602,-18
13.874168,-18
13.880438,-18
13.888288,-18
13.894630,-18
13.901656,-18
13.908187,-15
13.916444,-15
13.922978,-15
13.929480,-15
13.936441,-15
13.942631,-15
13.949384,-15
13.956619,-14
13.964696,-14
13.971026,-14
13.978360,-14
13.984921,-14
13.991311,-14
13.997444,-14
14.003728,-14
14.009863,-12
14.017044,-12
14.023286,-12
14.029712,-12
14.036880,-12
14.043062,-12
14.049315,-12
14.055541,-11
14.062852,-11
14.069541,-11
14.076152,-11
14.082637,-11
14.088853,-11
14.095038,-11
14.102280,-9
14.110015,-9
14.116622,-9
14.124088,-9
14.130457,-9
14.136834,-9
14.143652,-8
14.150046,-8
14.159190,-8
14.166749,-8
14.173065,-8
14.179263,-8
14.186773,-7
14.193349,-7
14.199681,-7
14.206178,-7
14.212754,-7
14.219111,-7
14.225321,-7
14.231688,-5
14.238047,-5
14.246119,-5
14.252589,-5
14.261167,-5
14.267542,-5
14.273654,-5
14.280484,-5
14.288854,-5
14.295834,-5
14.303323,-5
14.309480,-5
14.316290,-5
14.323060,-4
14.329767,-4
14.336274,-4
14.343820,-4
14.350410,-4
14.356787,-4
14.363354,-3
14.369628,-3
14.378785,-3
14.385221,-3
14.391542,-3
14.398087,-3
14.404554,-3
14.410685,-3
14.417163,-3
14.423573,-3
14.430264,-3
14.437675,-3
14.446349,-3
14.452895,-3
14.459182,-3
14.465535,-3
14.472130,-3
14.479033,-3
14.485352,-3
14.492314,-3
14.498860,-3
14.505019,-3
14.512441,-2
14.519356,-2
14.526030,-2
14.532315,-2
14.539051,-2
14.546318,-2
14.553189,-2
14.559437,-2
14.565804,-2
14.572695,-2
14.579045,-2
14.586444,-2
14.592760,-2
14.599039,-2
14.605281,-2
14.611584,-2
14.617953,-2
14.624549,-2
14.630851,-2
14.637599,-2
14.643856,-2
14.650153,-2
14.656856,-2
14.663446,-2
14.670202,-2
14.676433,-2
14.683196,-2
14.689404,-2
14.695665,-2
14.702097,-2
14.708457,-2
14.718228,-2
14.724793,-2
14.732159,-2
14.738303,-2
14.744776,-2
14.752896,-1
14.760306,-1
14.768147,-1
14.777120,-1
14.783514,-1
14.789755,-1
14.795972,-1
14.802147,-1
14.808974,-1
14.820054,-1
14.831982,-1
14.838130,-1
14.844912,-2
14.851123,-2
14.859259,-2
14.865778,-2
14.873378,-2
14.879823,-2
14.886027,-2
14.892447,-1
14.898659,-1
14.905292,-1
14.912948,-1
14.920968,-1
14.927645,-1
14.934180,-1
14.941985,-1
14.952719,-1
14.959796,-1
14.966022,-1
14.972190,-1
14.978491,-1
14.984693,-1
14.991890,-1
14.998203,-1
15.004783,-1
15.011456,-1
15.017706,-1
15.023990,-1
15.030195,-1
15.036591,-1
15.042850,-1
15.049007,-1
15.055686,-1
15.062051,-1
15.068328,-1
15.074579,-1
15.080890,-1
15.087115,-1
15.096712,-1
15.104220,-1
15.110559,-1
15.117013,-1
15.124208,-1
15.130557,-1
15.139468,-1
15.146182,-1
15.153372,-1
15.160171,-1
15.166418,-1
15.173077,-2
15.179420,-2
15.186017,-2
15.195336,-2
15.201579,-2
15.208703,-2
15.215833,-1
15.222735,-1
15.229049,-1
15.235645,-1
15.242343,-1
15.248702,-1
15.254935,-1
15.261548,-2
15.267889,-2
15.275348,-2
15.281539,-2
15.288463,-2
15.294746,-2
15.300993,-2
15.307242,-2
15.313569,-2
15.320108,-2
15.326410,-2
15.333018,-2
15.339495,-2
15.345799,-2
15.351973,-2
15.359212,-1
15.367941,-1
15.374208,-1
15.381144,-1
15.387486,-1
15.393925,-1
15.400023,-1
15.406164,-1
15.412306,-1
15.419821,-1
15.428074,-1
15.434451,-1
15.442817,-1
15.449071,-1
15.455590,-1
15.462525,-1
15.469688,-1
15.477456,-1
15.484566,-1
15.491069,-1
15.497247,-1
15.503402,-1
15.510068,-2
15.517179,-2
15.524897,-2
15.531510,-2
15.538057,-2
15.544563,-2
15.550821,-2
15.557019,-2
15.563819,-1
15.571418,-1
15.578261,-1
15.584802,-1
15.591594,-1
15.597812,-1
15.604041,-1
15.610920,0
15.617349,0
15.623784,0
15.630166,0
15.636917,0
15.643261,0
15.649417,0
15.656015,0
15.662168,-1
15.669015,-1
15.675373,-1
15.682148,-1
15.689197,-1
15.695361,-1
15.701494,-1
15.708099,-1
15.714569,-1
15.721498,-1
15.727748,-1
15.734604,-1
15.740906,-1
15.747131,-1
15.754148,-1
15.760469,-1
15.769742,-1
15.776259,-1
15.783923,-1
15.790301,-1
15.796603,-1
15.802882,0
15.809210,0
15.816734,0
15.823560,0
15.830719,0
15.836962,0
15.843559,0
15.850998,0
15.859982,0
15.867131,0
15.874826,0
15.881351,0
15.887953,0
15.894449,0
15.901090,0
15.907479,0
15.914132,0
15.920547,0
15.926844,0
15.933036,0
15.939215,0
15.945700,0
15.952914,0
15.959514,0
15.968522,0
15.976894,0
15.983085,0
15.990668,-1
15.997678,-1
16.004089,-1
16.010412,-1
16.017523,-1
16.023825,-1
16.030020,-1
16.036505,-2
16.043215,-2
16.050110,-2
16.058393,-2
16.064730,-2
16.070923,-2
16.077188,-2
16.083286,-1
16.089718,-1
16.098825,-1
16.105564,-1
16.112146,-1
16.118484,-1
16.124708,-1
16.130800,-1
16.137474,-1
16.144997,-1
16.152775,-1
16.161758,-1
16.169043,-1
16.175524,-1
16.181744,-1
16.188765,-1
16.195177,-1
16.204985,-1
16.211359,-1
16.217968,-1
16.224413,-1
16.231108,0
16.238279,0
16.245222,0
16.252613,0
16.259029,0
16.265295,0
16.271976,0
16.278625,0
16.288113,0
16.294823,0
16.301126,0
16.307457,0
16.313589,0
16.319805,0
16.326038,0
16.335243,0
16.342716,0
16.350403,0
16.356701,0
16.363205,0
16.370123,-1
16.376999,-1
16.383383,-1
16.391079,-1
16.397398,-1
16.403732,-1
16.410358,-1
16.416719,-1
16.422974,-1
16.429466,-1
16.436541,-1
16.443377,-1
16.449800,-1
16.456018,-1
16.462164,-1
16.468536,-1
16.475365,-1
16.481779,-1
16.489872,-1
16.496069,-1
16.503540,-1
16.510378,-1
16.517607,-1
16.527470,-1
16.534342,-1
16.540764,-1
16.547777,-1
16.554298,-1
16.560850,-1
16.568172,-1
16.575279,-1
16.581963,-1
16.588421,-1
16.594698,-1
16.602348,-1
16.608599,-1
16.615053,-1
16.621309,-1
16.627512,-1
16.634495,-1
16.640755,-1
16.647017,-1
16.653339,-1
16.659586,-1
16.666592,-1
16.673265,-1
16.680563,-1
16.687469,-1
16.694868,-2
16.703592,-2
16.710234,-2
16.716974,-2
16.725924,-2
16.732965,-2
16.739712,-2
16.746473,-1
16.753908,-1
16.762697,-1
16.769726,-1
16.776119,-1
16.782421,-1
16.788704,-1
16.795221,-1
16.802393,-1
16.810022,-1
16.816498,-1
16.826044,-1
16.832695,-1
16.838873,-1
16.845137,-1
16.851929,-1
16.858141,-1
16.869303,-1
16.876259,-1
16.882793,-1
16.888983,-1
16.895155,-1
16.901342,-1
16.908329,-2
16.914850,-2
16.921167,-2
16.930407,-2
16.936760,-2
16.943081,-2
16.949509,-2
16.955706,-2
16.962914,-2
16.969751,-2
16.976425,-2
16.982870,-2
16.989035,-2
16.995193,-2
17.001398,-1
17.007584,-1
17.015285,-1
17.022236,-1
17.029034,-1
17.035406,-1
17.043097,-1
17.049295,-1
17.056065,-1
17.062393,-1
17.068865,-1
17.075949,-1
17.082195,-1
17.088419,-1
17.094721,-1
17.101574,-1
17.108414,-1
17.116405,-1
17.123131,-1
17.129904,-1
17.136189,0
17.142391,0
17.148970,0
17.155365,0
17.164616,0
17.170879,0
17.177608,0
17.184032,0
17.192930,0
17.199337,0
17.206211,0
17.213047,0
17.219362,0
17.225552,0
17.234169,0
17.243994,0
17.250654,0
17.257425,0
17.263721,0
17.269968,0
17.276121,0
17.282293,0
17.288603,0
17.295368,0
17.301590,0
17.308731,0
17.315098,0
17.321520,0
17.328590,0
17.335032,0
17.343536,0
17.350254,0
17.356562,0
17.362738,0
17.368984,0
17.375103,0
17.381577,0
17.388412,0
17.394762,0
17.401041,0
17.408371,0
17.414679,0
17.420889,0
17.427044,-1
17.438005,-1
17.445456,-1
17.451748,-1
17.458963,-1
17.465219,-1
17.471785,-1
17.478458,0
17.485020,0
17.492418,0
17.498735,0
17.506092,0
17.512491,0
17.518709,0
17.524931,-1
17.531456,-1
17.538853,-1
17.545237,-1
17.552786,-1
17.559805,-1
17.566345,-1
17.572540,-1
17.578959,-1
17.585155,-1
17.592169,-1
17.598602,-1
17.606066,-1
17.612320,-1
17.618570,-1
17.624752,0
17.631145,0
17.641436,0
17.647724,0
17.654991,0
17.661341,0
17.667570,0
17.673855,0
17.680044,0
17.687403,0
17.694157,0
17.702005,0
17.708794,0
17.715088,0
17.721243,0
17.727488,0
17.733671,0
17.744196,0
17.751238,0
17.757572,0
17.763800,0
17.770031,0
17.776285,0
17.782534,0
17.789721,0
17.796902,0
17.803261,0
17.809519,0
17.815702,0
17.822199,-1
17.828457,-1
17.835289,-1
17.841909,-1
17.848412,-1
17.854588,-1
17.860844,-1
17.867521,0
17.873869,0
17.881176,0
17.890034,0
17.896526,0
17.903584,0
17.909904,0
17.916466,0
17.922981,0
17.929226,0
17.936077,0
17.942694,0
17.948925,0
17.955132,0
17.961697,-1
17.967871,-1
17.975594,-1
17.981926,-1
17.989721,-1
17.996143,-1
18.002691,-1
18.008957,-1
18.015371,-1
18.022009,-1
18.028614,-1
18.035608,-1
18.042023,-1
18.048292,-1
18.054565,-1
18.060831,-1
18.066923,-1
18.073380,0
18.079731,0
18.087854,0
18.095669,0
18.102503,0
18.108927,0
18.115038,-1
18.121849,-1
18.128736,-1
18.135267,-1
18.142796,-1
18.149076,-1
18.155542,-1
18.162426,0
18.169136,0
18.176414,0
18.182652,0
18.189611,0
18.195904,0
18.202179,0
18.209042,0
18.215263,0
18.221640,0
18.227972,0
18.234316,0
18.241022,0
18.247295,0
18.253571,0
18.260170,0
18.266418,0
18.273769,0
18.279980,0
18.287085,0
18.293400,0
18.299652,0
18.305990,0
18.312721,0
18.319523,0
18.326281,0
18.333719,0
18.340103,0
18.346453,0
18.352638,0
18.359413,0
18.366127,0
18.372555,0
18.379774,0
18.386112,0
18.392324,0
18.399956,0
18.406353,0
18.412853,0
18.419203,0
18.425833,0
18.432425,0
18.438910,0
18.445158,0
18.451363,0
18.457500,0
18.463865,3
18.471315,3
18.479643,3
18.486235,3
18.492722,3
18.498909,3
18.505472,6
18.511738,6
18.518764,6
18.525295,6
18.531931,6
18.538336,6
18.544561,6
18.552452,13
18.559076,13
18.569067,13
18.577166,13
18.583330,13
18.590120,13
18.596380,18
18.603437,18
18.610008,18
18.616461,18
18.624151,18
18.630545,18
18.637177,23
18.643591,23
18.653486,23
18.661560,23
18.669827,23
18.676273,23
18.683071,23
18.689377,30
18.695877,30
18.704548,30
18.710806,30
18.719704,30
18.726789,30
18.733633,30
18.739925,37
18.749483,37
18.756081,37
18.764130,37
18.770452,37
18.777145,37
18.783703,42
18.790173,42
18.796728,42
18.802958,42
18.810633,42
18.816765,42
18.823130,42
18.829370,42
18.836151,45
18.842394,45
18.849501,45
18.855797,45
18.862700,45
18.868969,45
18.875210,45
18.881334,45
18.888994,44
18.896225,44
18.902512,44
18.909048,44
18.915518,44
18.921936,44
18.928186,44
18.934355,44
18.941496,40
18.947874,40
18.954269,40
18.960663,40
18.967419,40
18.973669,40
18.980021,40
18.986296,40
18.992462,35
18.998863,35
19.005217,35
19.011381,35
19.018778,35
19.024956,35
19.031330,35
19.037645,31
19.044634,31
19.052143,31
19.058718,31
19.066124,31
19.072426,31
19.078762,31
19.085102,27
19.091331,27
19.098164,27
19.104448,27
19.111362,27
19.118664,27
19.125004,27
19.131201,27
19.137440,24
19.145006,24
19.151480,24
19.158073,24
19.165014,24
19.171329,24
19.177500,24
19.183918,24
19.190413,20
19.197390,20
19.203794,20
19.210367,20
19.217440,20
19.223658,20
19.229925,20
19.236156,20
19.242939,18
19.251858,18
19.258348,18
19.266983,18
19.273500,18
19.280043,17
19.287682,17
19.294210,17
19.301756,17
19.309237,17
19.316225,17
19.322641,17
19.329647,15
19.336401,15
19.343010,15
19.349237,15
19.356087,15
19.362265,15
19.368578,15
19.374771,15
19.380989,15
19.387186,14
19.393967,14
19.400877,14
19.407278,14
19.414726,14
19.421032,14
19.427374,14
19.433561,13
19.440048,13
19.446434,13
19.452799,13
19.463388,13
19.469610,13
19.475815,13
19.482023,11
19.488594,11
19.495806,11
19.502705,11
19.509140,11
19.515499,11
19.521755,11
19.527922,11
19.534119,11
19.542301,11
19.549540,11
19.557228,11
19.564053,11
19.570387,11
19.576656,10
19.582985,10
19.592230,10
19.598503,10
19.605354,10
19.611626,10
19.617979,10
19.624197,10
19.630491,9
19.636793,9
19.643526,9
19.650488,9
19.657484,9
19.664125,9
19.670328,9
19.676487,9
19.682825,9
19.688913,9
19.695164,8
19.702209,8
19.714201,8
19.721182,8
19.727486,8
19.733940,8
19.740141,7
19.748346,7
19.755648,7
19.761909,7
19.768881,7
19.775259,7
19.782885,7
19.789042,7
19.795292,7
19.801476,7
19.809305,7
19.818106,7
19.824966,7
19.831305,7
19.837538,7
19.843750,7
19.850201,6
19.856716,6
19.865175,6
19.872126,6
19.878401,6
19.884901,6
19.891069,6
19.897291,6
19.903709,6
19.910887,6
19.917337,6
19.924726,6
19.931055,6
19.937454,6
19.943769,6
19.949955,6
19.956594,4
19.964453,4
19.970659,4
19.977976,4
19.984215,4
19.990490,4
19.996943,5
20.005482,5
20.011911,5
20.018225,5
20.025927,5
20.033054,5
20.039454,5
20.045813,5
20.051945,4
20.058231,4
20.065588,4
20.073032,4
20.080311,4
20.088886,4
20.095438,4
20.101681,4
20.108143,4
20.114738,4
20.122303,4
20.128716,4
20.135340,4
20.141655,3
20.148014,3
20.154924,3
20.161514,3
20.169262,3
20.176462,3
20.182959,3
20.189692,3
20.196062,3
20.205309,3
20.212168,3
20.219280,3
20.225550,3
20.231804,3
20.237967,3
20.244867,3
20.251101,3
20.258036,3
20.264961,3
20.271818,3
20.278111,3
20.284302,3
20.290525,3
20.296782,3
20.304132,3
20.314415,3
20.321663,3
20.327976,3
20.334141,3
20.340303,3
20.346428,3
20.353697,3
20.360264,3
20.368862,3
20.375568,3
20.381979,3
20.388170,3
20.394453,3
20.400627,3
20.406919,3
20.413559,3
20.420267,3
20.426596,3
20.433634,3
20.439795,3
20.446037,3
20.452406,3
20.458527,3
20.465078,3
20.472174,3
20.478525,3
20.485468,3
20.491726,3
20.498026,3
20.504213,3
20.511059,3
20.517311,3
20.528206,3
20.534994,3
20.541367,3
20.547754,3
20.554003,3
20.560158,2
20.566933,2
20.573338,2
20.579613,2
20.586227,2
20.592609,2
20.598984,2
20.605215,2
20.611664,2
20.618191,2
20.625387,2
20.632145,2
20.638468,2
20.644966,2
20.651188,2
20.657423,2
20.663771,2
20.670290,2
20.676628,2
20.683172,2
20.689749,2
20.696011,2
20.702187,2
20.709154,2
20.715309,2
20.722775,2
20.730162,2
20.736309,2
20.747549,2
20.754070,2
20.760319,2
20.766470,2
20.772650,2
20.779413,2
20.791523,2
20.798334,2
20.804607,2
20.810987,2
20.817215,2
20.823662,2
20.829908,2
20.836721,2
20.843563,2
20.850040,2
20.856310,2
20.862631,2
20.868784,2
20.875051,3
20.882315,3
20.888777,3
20.895332,3
20.901840,3
20.908417,3
20.914682,3
20.920898,3
20.927128,3
20.933857,3
20.940599,3
20.947432,3
20.953934,3
20.960201,3
20.966370,3
20.972712,3
20.978865,3
20.985422,3
20.991840,3
20.998318,3
21.005262,3
21.011492,3
21.017746,3
21.024050,3
21.030142,3
21.037031,4
21.044651,4
21.053726,4
21.061020,4
21.067181,4
21.074064,4
21.080931,5
21.087423,5
21.093864,5
21.100498,5
21.108543,5
21.115095,5
21.121868,5
21.128231,5
21.134411,5
21.142862,5
21.149876,5
21.156277,5
21.162617,5
21.168852,5
21.175098,5
21.181353,4
21.188488,4
21.194813,4
21.201683,4
21.208199,4
21.214401,4
21.220789,4
21.226931,4
21.233105,5
21.241072,5
21.247452,5
21.255930,5
21.262251,5
21.268469,5
21.275812,5
21.282810,4
21.289618,4
21.295904,4
21.304266,4
21.310766,4
21.317009,4
21.323570,4
21.330196,4
21.337505,4
21.343752,4
21.350819,4
21.357086,4
21.363415,4
21.369677,4
21.376101,4
21.382284,4
21.388762,4
21.395445,4
21.401915,4
21.408619,4
21.415142,4
21.421505,4
21.427736,4
21.434057,4
21.440275,3
21.448042,3
21.454523,3
21.460987,3
21.467478,3
21.473797,3
21.480062,3
21.486357,3
21.492487,3
21.498692,4
21.504927,4
21.511705,4
21.517954,4
21.526220,4
21.532526,4
21.539688,4
21.546150,3
21.553608,3
21.564520,3
21.570862,3
21.577551,3
21.583813,3
21.590130,3
21.596346,3
21.602592,3
21.608789,3
21.615705,3
21.622047,3
21.629105,3
21.635330,3
21.641571,3
21.647928,3
21.654139,4
21.661409,4
21.668737,4
21.675200,4
21.682243,4
21.688484,4
21.694754,4
21.701073,4
21.707268,4
21.713728,4
21.720308,4
21.727087,4
21.733500,4
21.744648,4
21.750811,4
21.756990,4
21.763132,4
21.769485,4
21.777880,4
21.787096,4
21.793396,4
21.800755,4
21.807169,4
21.813425,4
21.820015,4
21.830208,4
21.836811,4
21.843077,4
21.849424,4
21.855688,4
21.861801,4
21.867952,4
21.874851,4
21.881819,4
21.888142,4
21.895185,4
21.901600,4
21.908875,4
21.915527,4
21.921694,4
21.928707,4
21.935450,4
21.941669,4
21.948950,4
21.956936,4
21.963114,4
21.971455,4
21.977873,4
21.984617,4
21.990870,4
21.997053,4
22.004450,4
22.010670,4
22.017054,4
22.023369,4
22.029594,4
22.036018,4
22.042398,4
22.048857,4
22.057503,4
22.063725,4
22.070019,4
22.076250,4
22.082537,4
22.089081,4
22.102278,4
22.108782,4
22.115129,4
22.121420,4
22.127583,4
22.133745,4
22.140724,5
22.147169,5
22.153400,5
22.161062,5
22.168152,5
22.174669,5
22.181057,5
22.187292,5
22.193974,7
22.204544,7
22.210917,7
22.217785,7
22.224085,7
22.230310,7
22.236654,7
22.242781,7
22.250313,13
22.262001,13
22.268707,13
22.275230,13
22.281464,13
22.287701,13
22.293915,13
22.301016,24
22.313490,24
22.320263,24
22.326582,24
22.332876,24
22.339195,24
22.345392,36
22.351683,36
22.360041,36
22.368065,36
22.375763,36
22.382198,36
22.388346,36
22.395096,43
22.403181,43
22.409473,43
22.415798,43
22.422493,43
22.429638,43
22.435991,43
22.442284,43
22.450771,43
22.456863,53
22.463400,53
22.469885,53
22.476559,53
22.485241,53
22.491497,53
22.498137,53
22.506592,54
22.512890,54
22.520267,54
22.526466,54
22.535051,54
22.541893,54
22.549511,54
22.555622,54
22.568336,51
22.574917,51
22.584898,51
22.591625,51
22.598087,51
22.604324,51
22.610525,51
22.617317,45
22.623549,45
22.630751,45
22.637020,45
22.645855,45
22.652281,45
22.658478,45
22.664707,45
22.671419,40
22.678381,40
22.684908,40
22.693014,40
22.699890,40
22.706787,40
22.713110,35
22.719372,35
22.727272,35
22.733931,35
22.741734,35
22.749401,35
22.755510,35
22.762157,32
22.768602,32
22.775200,32
22.782539,32
22.789167,32
22.796272,32
22.804024,29
22.810886,29
22.820803,29
22.827602,29
22.833998,29
22.840197,29
22.846485,29
22.853285,25
22.861277,25
22.867508,25
22.874384,25
22.880909,25
22.887058,25
22.893414,22
22.900454,22
22.907518,22
22.913744,22
22.920322,22
22.927530,22
22.933790,22
22.939943,22
22.946115,22
22.952648,19
22.960737,19
22.966862,19
22.973692,19
22.980234,19
22.986895,19
22.993170,19
23.000244,16
23.006796,16
23.013710,16
23.020647,16
23.027651,16
23.034075,16
23.040604,16
23.046864,14
23.053329,14
23.059944,14
23.066433,14
23.075550,14
23.081852,14
23.088449,14
23.094791,13
23.101252,13
23.108465,13
23.116104,13
23.122784,13
23.129269,13
23.135489,11
23.142649,11
23.149870,11
23.158979,11
23.166002,11
23.172331,11
23.178762,10
23.185625,10
23.193529,10
23.200005,10
23.208267,10
23.214748,10
23.220898,10
23.227451,9
23.233866,9
23.240316,9
23.248720,9
23.254898,9
23.262501,9
23.268927,9
23.275219,9
23.282005,9
23.288202,9
23.296751,9
23.303102,9
23.309937,9
23.316324,7
23.323225,7
23.330645,7
23.336891,7
23.344145,7
23.350492,7
23.356775,7
23.363081,7
23.369345,7
23.376350,7
23.382845,7
23.391457,7
23.397829,7
23.404140,7
23.410595,6
23.416908,6
23.423674,6
23.430679,6
23.441280,6
23.447990,6
23.454601,6
23.461016,6
23.468044,6
23.475157,6
23.482430,6
23.489048,6
23.496731,6
23.504847,5
23.511200,5
23.517521,5
23.524261,5
23.531425,5
23.538452,5
23.544918,5
23.551346,5
23.558365,5
23.565392,5
23.573595,5
23.581417,5
23.587599,5
23.594818,5
23.601639,5
23.608509,5
23.614885,5
23.621250,5
23.627975,5
23.634230,5
23.640591,5
23.646772,5
23.652849,5
23.659279,5
23.667969,5
23.674541,5
23.681953,5
23.688772,5
23.695206,5
23.701757,5
23.708174,4
23.716515,4
23.722902,4
23.729725,4
23.736094,4
23.742338,4
23.748577,4
23.756117,4
23.762615,4
23.769064,4
23.776701,4
23.788498,4
23.794767,4
23.801693,4
23.808512,4
23.815262,4
23.822424,4
23.830359,4
23.837420,4
23.844332,4
23.850912,4
23.857405,4
23.864294,4
23.871380,4
23.878904,4
23.885416,4
23.891895,4
23.898151,4
23.904587,4
23.911604,4
23.918476,4
23.926287,4
23.933460,4
23.940447,4
23.946693,4
23.954138,4
23.960520,4
23.966915,4
23.973740,4
23.980000,4
23.986216,4
23.992462,4
23.998672,4
24.005924,4
24.013399,4
24.022610,4
24.030661,4
24.037420,4
24.043652,4
24.050926,4
24.057451,4
24.063749,4
24.070917,4
24.077251,4
24.083452,4
24.089722,4
24.095894,3
24.104151,3
24.112860,3
24.121172,3
24.127399,3
24.134954,3
24.141230,3
24.147686,3
24.154570,3
24.160872,3
24.167490,3
24.173735,3
24.182140,3
24.188980,3
24.195288,3
24.201693,3
24.207998,3
24.218672,3
24.225203,3
24.231503,3
24.237867,3
24.243988,3
24.250229,3
24.257782,3
24.263988,3
24.270576,3
24.276960,3
24.283104,3
24.289614,3
24.295822,3
24.303003,3
24.314219,3
24.321417,3
24.327930,3
24.334284,3
24.340748,3
24.346817,3
24.354856,3
24.361908,3
24.368124,3
24.375397,3
24.381907,3
24.391376,3
24.397440,3
24.406260,3
24.413086,3
24.420847,3
24.427784,3
24.435869,3
24.442152,3
24.448652,3
24.455759,3
24.462566,3
24.468750,3
24.476013,3
24.482180,3
24.488611,3
24.494835,3
24.501125,3
24.507811,3
24.514032,3
24.520823,3
24.527426,3
24.534639,3
24.541126,3
24.547840,3
24.554527,3
24.563452,3
24.571154,3
24.578470,3
24.585068,3
24.591320,3
24.600157,3
24.607050,3
24.613649,3
24.619953,3
24.627207,3
24.634758,3
24.640968,3
24.647278,3
24.653830,3
24.660244,3
24.668066,3
24.674385,3
24.681419,3
24.688337,3
24.694824,3
24.701048,3
24.707336,3
24.715443,3
24.721661,3
24.728449,3
24.734808,3
24.741116,3
24.747358,3
24.754078,3
24.760868,3
24.767654,3
24.773855,3
24.781988,3
24.788221,3
24.794439,3
24.801167,3
24.807524,3
24.814163,3
24.820599,3
24.827042,3
24.833624,3
24.839996,3
24.847458,3
24.854298,3
24.862789,2
24.870680,2
24.877937,2
24.887243,2
24.893810,2
24.901886,2
24.910036,2
24.916475,2
24.923426,2
24.930916,2
24.937231,2
24.943520,2
24.949734,2
24.956207,2
24.962591,2
24.968761,2
24.975739,2
24.982094,2
24.988373,2
24.994837,2
25.001198,2
25.007534,2
25.014957,2
25.021503,2
25.028748,2
25.035015,2
25.041386,2
25.047766,2
25.054588,2
25.061592,2
25.068262,2
25.076183,2
25.082598,2
25.088882,2
25.096334,2
25.104862,2
25.111742,2
25.119364,2
25.125563,2
25.132458,2
25.138926,2
25.147745,2
25.154188,2
25.162270,2
25.168743,2
25.175079,2
25.182135,2
25.189125,2
25.195850,2
25.202143,2
25.208893,2
25.215210,2
25.221443,2
25.227713,2
25.234213,2
25.240885,2
25.247322,2
25.254337,2
25.260769,2
25.267097,2
25.273262,2
25.279524,1
25.285948,1
25.292875,1
25.299690,1
25.306200,1
25.312462,1
25.318844,1
25.324961,1
25.331379,1
25.337727,1
25.344048,1
25.350763,1
25.357225,1
25.363602,1
25.369820,1
25.376060,1
25.382383,1
25.389214,1
25.395803,1
25.403139,1
25.410242,1
25.416784,1
25.423405,1
25.429764,1
25.436478,1
25.443300,1
25.451044,1
25.457285,1
25.464251,1
25.470663,2
25.480701,2
25.487118,2
25.493769,2
25.500032,2
25.506243,2
25.512472,2
25.519064,2
25.526260,2
25.532806,2
25.540497,2
25.547951,2
25.555027,2
25.561491,2
25.567654,2
25.575245,2
25.582123,2
25.590548,2
25.596973,2
25.603168,2
25.609989,1
25.619555,1
25.625879,1
25.632524,1
25.640345,1
25.646708,1
25.653046,1
25.659220,1
25.665365,1
25.674019,1
25.680357,1
25.690847,1
25.697655,1
25.703917,1
25.710520,1
25.716908,2
25.724072,2
25.730530,2
25.738134,2
25.744520,2
25.751314,2
25.757978,2
25.764458,2
25.771173,2
25.777912,2
25.786440,2
25.792980,2
25.799261,2
25.806128,2
25.813463,2
25.820486,2
25.827805,2
25.834332,2
25.840757,2
25.847181,2
25.854877,2
25.861513,2
25.868057,2
25.874615,2
25.881435,2
25.887690,2
25.895672,2
25.901741,2
25.908342,2
25.916899,2
25.925295,2
25.932081,2
25.939247,2
25.946245,2
25.953854,2
25.960112,2
25.966894,2
25.975597,2
25.984993,2
25.992247,2
25.998472,2
26.006207,2
26.012903,2
26.019766,2
26.027420,2
26.033669,2
26.040609,2
26.046951,2
26.053652,2
26.060936,2
26.067751,2
26.074476,2
26.080755,2
26.087063,2
26.093267,2
26.099434,2
26.106661,2
26.112957,2
26.119390,2
26.131393,2
26.137695,2
26.143904,2
26.150835,2
26.157227,2
26.163843,2
26.170103,2
26.177244,2
26.183544,2
26.189960,2
26.196308,2
26.204023,2
26.211414,2
26.217710,2
26.225071,2
26.231337,2
26.237604,2
26.243963,2
26.250393,3
26.256966,3
26.263624,3
26.270229,3
26.278683,3
26.285275,3
26.291775,2
26.298548,2
26.305586,2
26.311859,2
26.322235,2
26.328671,2
26.335464,2
26.342287,2
26.348852,2
26.355858,2
26.362272,2
26.370955,2
26.377693,2
26.384596,2
26.390997,2
26.397444,2
26.404467,2
26.410805,2
26.418045,2
26.424519,2
26.430740,2
26.436922,2
26.443094,2
26.449291,2
26.456934,2
26.464184,2
26.471661,2
26.478163,2
26.484852,2
26.491276,2
26.497513,2
26.504065,2
26.510422,2
26.518679,2
26.525597,2
26.531847,2
26.538368,2
26.544804,2
26.553183,2
26.559612,2
26.568636,2
26.575006,2
26.581396,2
26.588142,3
26.595121,3
26.601978,3
26.608519,3
26.615564,3
26.621872,3
26.628092,3
26.634293,3
26.640646,3
26.647205,3
26.654221,3
26.660583,3
26.667501,3
26.673807,3
26.680035,3
26.686312,3
26.692797,3
26.699875,3
26.706272,3
26.712959,3
26.719994,3
26.726200,3
26.732449,3
26.738756,3
26.745014,3
26.751930,3
26.758705,3
26.766665,3
26.774910,3
26.781630,3
26.788809,3
26.795284,3
26.802517,3
26.809084,3
26.816906,3
26.823313,3
26.829565,3
26.836193,3
26.842720,3
26.849449,3
26.856850,3
26.863405,3
26.870596,3
26.877459,3
26.884171,3
26.890398,3
26.899641,3
26.906809,3
26.913471,3
26.919771,3
26.925980,3
26.932108,3
26.938622,3
26.949066,3
26.956987,3
26.963280,3
26.970016,3
26.976463,3
26.982832,3
26.989458,3
26.996449,3
27.004997,3
27.011395,3
27.018362,3
27.024809,3
27.031067,3
27.038208,3
27.044470,3
27.051359,3
27.057625,3
27.064346,3
27.070646,3
27.076788,3
27.083096,2
27.090042,2
27.096252,2
27.103243,2
27.109499,2
27.115845,2
27.122320,2
27.128580,1
27.135618,1
27.142561,1
27.151175,1
27.157831,1
27.164188,1
27.172472,1
27.179485,-2
27.185926,-2
27.196194,-2
27.202864,-2
27.209442,-2
27.215691,-2
27.222036,-2
27.228451,-2
27.235392,-10
27.241657,-10
27.248913,-10
27.256845,-10
27.264149,-10
27.270710,-10
27.277233,-10
27.283888,-26
27.290405,-26
27.298571,-26
27.309080,-26
27.316425,-26
27.322807,-26
27.329115,-26
27.335854,-38
27.343058,-38
27.349997,-38
27.356884,-38
27.363173,-38
27.369568,-38
27.375853,-38
27.382023,-38
27.388792,-45
27.395061,-45
27.402000,-45
27.408352,-45
27.417543,-45
27.423908,-45
27.430611,-46
27.440207,-46
27.446836,-46
27.454233,-46
27.461109,-46
27.468815,-46
27.475010,-46
27.481924,-46
27.488155,-46
27.494432,-41
27.500908,-41
27.507042,-41
27.513319,-41
27.520462,-41
27.526688,-41
27.533035,-41
27.539370,-37
27.545668,-37
27.552608,-37
27.558784,-37
27.566151,-37
27.572605,-37
27.578987,-37
27.585365,-32
27.591705,-32
27.598404,-32
27.604837,-32
27.612814,-32
27.619255,-32
27.625460,-27
27.632586,-27
27.639494,-27
27.646311,-27
27.654146,-27
27.660452,-27
27.667715,-27
27.674072,-25
27.681803,-25
27.688028,-25
27.696709,-25
27.705978,-25
27.712780,-25
27.720778,-25
27.727154,-20
27.733776,-20
27.740490,-20
27.750059,-20
27.756607,-20
27.763098,-20
27.770927,-16
27.778751,-16
27.785074,-16
27.791788,-16
27.798340,-16
27.804926,-16
27.811480,-16
27.818130,-12
27.825960,-12
27.834253,-12
27.840805,-12
27.849695,-12
27.855999,-12
27.862307,-12
27.869146,-9
27.876688,-9
27.883142,-9
27.890497,-9
27.897884,-9
27.904613,-9
27.910944,-6
27.921507,-6
27.928061,-6
27.934910,-6
27.943094,-6
27.949646,-4
27.956173,-4
27.968216,-4
27.975103,-4
27.981377,-4
27.987564,-4
27.994444,-2
28.000742,-2
28.007706,-2
28.014061,-2
28.020967,-2
28.027363,-2
28.033659,-2
28.039881,-2
28.046242,0
28.053116,0
28.060013,0
28.067024,0
28.073414,0
28.081696,0
28.087933,2
28.094759,2
28.103298,2
28.110996,2
28.118431,2
28.124813,2
28.131557,2
28.137882,3
28.144188,3
28.150671,3
28.157160,3
28.164944,3
28.171312,3
28.177580,3
28.183834,3
28.189995,3
28.197041,3
28.203772,3
28.212963,3
28.219431,3
28.226929,3
28.233429,3
28.240028,3
28.247417,3
28.253605,3
28.260361,3
28.266710,3
28.272913,3
28.279320,3
28.285450,3
28.292486,4
28.300346,4
28.306681,4
28.316996,4
28.323345,4
28.331480,4
28.337593,4
28.344889,4
28.353901,4
28.360781,4
28.368221,4
28.374563,4
28.381050,4
28.387291,4
28.396667,4
28.403240,4
28.411982,4
28.419456,4
28.426451,4
28.432873,4
28.439215,4
28.446512,4
28.452953,4
28.459259,4
28.466276,4
28.472439,4
28.478745,4
28.485012,4
28.491285,4
28.497841,4
28.505264,4
28.511791,4
28.518221,4
28.525066,4
28.531321,4
28.537535,4
28.543720,4
28.550613,4
28.557467,4
28.564070,4
28.570946,4
28.577230,4
28.583645,4
28.590033,4
28.596231,4
28.602304,4
28.608456,4
28.614693,4
28.621437,4
28.628107,4
28.634325,4
28.641560,4
28.647898,4
28.654249,4
28.660582,4
28.667416,4
28.673756,4
28.680498,4
28.687012,4
28.695471,4
28.701672,4
28.708080,4
28.714272,4
28.721567,4
28.733419,4
28.739801,4
28.746576,4
28.752796,4
28.759121,4
28.765371,4
28.772640,4
28.779018,4
28.786240,4
28.793991,4
28.800632,4
28.807123,4
28.814133,4
28.821209,4
28.827505,4
28.834047,4
28.841032,4
28.847439,4
28.854080,4
28.860491,4
28.866560,4
28.872728,4
28.878836,4
28.886339,4
28.893038,4
28.899290,4
28.908285,4
28.914764,4
28.921484,4
28.927637,4
28.933994,4
28.941671,4
28.947908,4
28.954590,4
28.961069,4
28.967321,4
28.973528,4
28.979761,4
28.986692,4
28.993683,4
28.999901,4
29.006357,4
29.012774,4
29.019077,4
29.025417,4
29.032526,4
29.038727,4
29.049332,4
29.055815,4
29.063526,4
29.069801,4
29.076443,4
29.082672,4
29.089931,4
29.096893,4
29.103292,4
29.110073,4
29.116449,4
29.122770,4
29.128969,4
29.135876,4
29.142330,4
29.149368,4
29.155647,4
29.162493,4
29.168762,4
29.175161,4
29.181364,4
29.187620,4
29.196928,4
29.203806,4
29.211386,4
29.217562,4
29.225727,4
29.232052,4
29.238714,4
29.246027,4
29.252277,4
29.259254,4
29.265415,4
29.271795,4
29.277988,4
29.284603,5
29.291161,5
29.301039,5
29.308277,5
29.314625,5
29.321777,5
29.327990,5
29.334396,5
29.340881,5
29.350147,5
29.357237,5
29.363365,5
29.369648,5
29.375923,5
29.383064,5
29.389669,5
29.396101,5
29.402420,5
29.409496,5
29.415922,5
29.422649,5
29.428844,5
29.435410,5
29.445158,5
29.452608,5
29.459579,5
29.466007,5
29.473099,5
29.480152,5
29.487347,5
29.493526,5
29.502193,5
29.508455,5
29.515694,5
29.522123,5
29.528341,5
29.534647,5
29.541653,5
29.548634,5
29.555298,5
29.562670,5
29.571714,5
29.579016,5
29.585867,5
29.592724,5
29.599602,5
29.605795,5
29.614647,5
29.621298,5
29.627977,5
29.635462,5
29.641695,5
29.648493,5
29.655529,5
29.661728,5
29.670208,5
29.677265,5
29.684443,5
29.690847,5
29.697189,5
29.707060,5
29.715782,5
29.722229,5
29.728640,5
29.735556,5
29.742825,5
29.751040,5
29.757372,5
29.764746,5
29.771257,5
29.777561,5
29.783819,5
29.790016,5
29.798655,5
29.805843,5
29.814625,5
29.820942,5
29.827209,5
29.833479,5
29.839634,5
29.847185,4
29.853804,4
29.860464,4
29.867435,4
29.874063,4
29.880291,4
29.886732,4
29.892849,4
29.899755,4
29.907173,4
29.914055,4
29.922560,4
29.928724,4
29.936098,4
29.942942,4
29.950592,4
29.960155,4
29.967041,4
29.973429,4
29.979740,4
29.986080,4
29.992197,4
29.998329,4
30.004593,4
30.010880,4
30.018118,4
30.024445,4
30.032946,4
30.039381,4
30.046318,4
30.052637,4
30.060154,4
30.067888,4
30.074846,4
30.081404,4
30.088194,4
30.094294,4
30.100943,4
30.107336,4
30.113752,4
30.120731,4
30.126940,4
30.137537,4
30.143719,4
30.150040,4
30.156311,4
30.162670,4
30.169659,4
30.176046,4
30.182531,4
30.188919,4
30.195263,4
30.201515,4
30.207617,4
30.213840,3
30.221590,3
30.228584,3
30.234751,3
30.241783,3
30.248093,3
30.254383,3
30.260654,3
30.267056,3
30.273703,3
30.280029,3
30.286400,3
30.293209,3
30.299463,3
30.305666,3
30.311966,3
30.319529,3
30.326946,3
30.337311,3
30.344267,3
30.350761,3
30.357063,3
30.363436,3
30.369669,3
30.375916,3
30.385399,3
30.392040,3
30.398504,3
30.404877,3
30.411137,3
30.417337,3
30.424026,3
30.431137,3
30.438385,3
30.445288,3
30.451765,3
30.458000,3
30.464199,3
30.470369,3
30.477571,2
30.485226,2
30.492445,2
30.501209,2
30.507736,2
30.514906,2
30.521902,1
30.528479,1
30.536877,1
30.545336,1
30.551626,1
30.557840,1
30.564177,1
30.570717,-1
30.577202,-1
30.584892,-1
30.591070,-1
30.598078,-1
30.604315,-1
30.610628,-1
30.617006,-1
30.623173,-10
30.630552,-10
30.636917,-10
30.643604,-10
30.650204,-10
30.656446,-10
30.662842,-10
30.668995,-10
30.675619,-17
30.684759,-17
30.691757,-17
30.699240,-17
30.705519,-17
30.712303,-17
30.718716,-30
30.727186,-30
30.733549,-30
30.740644,-30
30.746986,-30
30.753357,-30
30.759541,-34
30.765934,-34
30.773540,-34
30.780138,-34
30.787407,-34
30.793839,-34
30.800924,-34
30.808735,-35
30.815109,-35
30.825436,-35
30.832222,-35
30.838690,-35
30.845058,-35
30.851200,-33
30.857964,-33
30.865055,-33
30.871290,-33
30.878531,-33
30.885008,-33
30.891241,-33
30.897486,-31
30.904087,-31
30.911110,-31
30.917782,-31
30.925129,-31
30.933550,-31
30.940079,-27
30.948803,-27
30.962673,-27
30.969490,-27
30.981091,-27
30.988043,-27
30.994911,-23
31.002092,-23
31.008532,-23
31.015718,-23
31.022051,-23
31.028496,-23
31.034672,-23
31.041046,-20
31.053629,-20
31.060619,-20
31.067041,-20
31.074093,-20
31.080400,-20
31.086504,-20
31.093344,-18
31.100626,-18
31.107183,-18
31.114393,-18
31.120913,-18
31.127193,-18
31.133942,-18
31.140108,-17
31.148573,-17
31.154816,-17
31.161757,-17
31.169544,-17
31.176641,-17
31.182779,-15
31.190079,-15
31.197155,-15
31.204748,-15
31.211853,-15
31.218056,-15
31.224489,-15
31.230766,-14
31.237083,-14
31.246771,-14
31.254835,-14
31.261267,-14
31.267694,-14
31.274544,-12
31.280893,-12
31.287706,-12
31.294228,-12
31.302992,-12
31.309549,-12
31.315966,-12
31.322065,-11
31.329870,-11
31.336628,-11
31.344519,-11
31.350969,-11
31.358376,-11
31.364910,-10
31.371185,-10
31.377602,-10
31.383793,-10
31.391954,-10
31.398548,-10
31.405033,-10
31.411320,-10
31.417442,-9
31.424044,-9
31.430363,-9
31.437452,-9
31.445152,-9
31.451345,-9
31.458828,-9
31.465935,-8
31.473186,-8
31.479458,-8
31.486460,-8
31.492773,-8
31.499102,-8
31.505928,-7
31.512642,-7
31.520250,-7
31.526701,-7
31.534416,-7
31.541777,-7
31.547989,-7
31.554356,-6
31.562260,-6
31.570292,-6
31.576935,-6
31.583334,-6
31.589512,-6
31.595810,-6
31.601971,-6
31.608574,-6
31.615427,-6
31.622272,-6
31.633108,-6
31.641869,-6
31.648020,-6
31.654947,-5
31.661255,-5
31.668293,-5
31.675056,-5
31.682295,-5
31.688904,-5
31.696754,-3
31.703325,-3
31.710857,-3
31.717220,-3
31.726299,-3
31.732811,-3
31.739798,-3
31.746481,-3
31.754410,-3
31.760824,-3
31.767010,-3
31.773397,-3
31.781023,-3
31.787367,-3
31.793606,-3
31.799841,-3
31.806225,-3
31.813730,-3
31.820032,-3
31.827120,-3
31.833323,-3
31.839745,-3
31.845949,-2
31.853020,-2
31.859755,-2
31.866123,-2
31.874449,-2
31.880756,-2
31.887911,-2
31.894960,-1
31.903193,-1
31.909607,-1
31.916626,-1
31.923004,-1
31.929502,-1
31.935936,-1
31.942152,-1
31.949169,-2
31.956078,-2
31.966141,-2
31.973473,-2
31.979750,-2
31.985996,-2
31.992283,-2
31.998446,-2
32.005810,-1
32.012005,-1
32.018528,-1
32.025341,-1
32.031872,-1
32.038200,-1
32.044422,-1
32.050564,-1
32.056808,-1
32.068481,-1
32.075146,-1
32.081608,-1
32.088001,-1
32.094185,-1
32.100880,-1
32.107624,-1
32.114391,-1
32.121361,-1
32.129536,-1
32.136559,-1
32.143490,0
32.152596,0
32.160267,0
32.166618,0
32.173206,0
32.179588,0
32.185822,0
32.192158,0
32.198719,0
32.205505,0
32.215504,0
32.222488,0
32.228874,0
32.235123,0
32.241371,0
32.247509,0
32.253700,0
32.259930,-1
32.267067,-1
32.273407,-1
32.280510,-1
32.286804,-1
32.293205,-1
32.299419,-1
32.305687,0
32.311970,0
32.318516,0
32.325523,0
32.332134,0
32.338409,0
32.344669,0
32.350887,0
32.357201,0
32.363586,0
32.370499,0
32.377361,0
32.385780,0
32.392117,0
32.400661,0
32.407269,0
32.416725,0
32.423000,0
32.429974,0
32.436428,0
32.442677,0
32.448875,0
32.455101,0
32.461353,0
32.468830,0
32.475636,0
32.482662,0
32.489216,0
32.495579,0
32.502483,0
32.509472,0
32.518215,0
32.525093,0
32.531376,0
32.537682,0
32.543842,0
32.550812,0
32.557915,0
32.565876,0
32.574081,0
32.580242,0
32.587376,0
32.593933,0
32.600883,0
32.609440,0
32.617619,0
32.624027,0
32.630325,0
32.636593,0
32.642673,0
32.651009,0
32.657604,0
32.666142,0
32.672932,0
32.679394,0
32.685650,0
32.691780,0
32.697983,0
32.704170,0
32.710781,0
32.717224,0
32.725430,0
32.732513,0
32.740429,0
32.747082,0
32.754105,0
32.760517,0
32.766834,0
32.773048,0
32.783497,0
32.790646,0
32.796925,0
32.803474,0
32.809719,0
32.816090,0
32.822269,0
32.828598,0
32.835476,0
32.842297,0
32.848778,0
32.856426,0
32.863541,0
32.869972,0
32.876034,0
32.882454,1
32.888783,1
32.895123,1
32.901688,1
32.908405,1
32.915218,1
32.922913,1
32.929771,1
32.936073,1
32.942505,1
32.950321,1
32.960709,1
32.967243,1
32.974018,1
32.980946,1
32.988167,1
32.995087,1
33.002350,1
33.008774,1
33.015938,1
33.022739,1
33.029678,1
33.036003,1
33.042343,1
33.049377,1
33.055779,1
33.062027,1
33.068264,1
33.074455,1
33.081219,1
33.087601,1
33.093872,1
33.101337,1
33.107594,1
33.113888,1
33.120243,1
33.127151,1
33.133625,1
33.142841,1
33.149681,1
33.155952,1
33.162575,1
33.168877,1
33.175251,1
33.182201,1
33.191547,1
33.198170,1
33.204815,1
33.211010,1
33.217388,1
33.223618,1
33.231285,1
33.237553,1
33.245197,1
33.253418,1
33.260632,1
33.267044,1
33.273224,1
33.280041,2
33.286461,2
33.294106,2
33.300552,2
33.307018,2
33.315437,2
33.321609,2
33.327744,2
33.334274,1
33.342297,1
33.348896,1
33.355492,1
33.362026,1
33.368210,1
33.374424,1
33.381062,2
33.388012,2
33.396229,2
33.402706,2
33.411072,2
33.417469,2
33.424053,2
33.430153,2
33.436375,2
33.443783,2
33.450050,2
33.456791,2
33.463207,2
33.469479,2
33.475693,2
33.482517,1
33.489048,1
33.495499,1
33.503052,1
33.509823,1
33.516296,1
33.524620,1
33.530876,2
33.537586,2
33.545490,2
33.552040,2
33.559654,2
33.566139,2
33.572395,2
33.579536,2
33.594807,2
33.602226,2
33.608459,2
33.614716,2
33.621040,2
33.627205,2
33.633392,2
33.639679,2
33.650208,2
33.657066,2
33.663471,2
33.669674,2
33.675961,2
33.682106,2
33.693474,2
33.701046,2
33.707283,2
33.714619,2
33.720798,2
33.727142,2
33.733398,2
33.739586,3
33.746140,3
33.753647,3
33.760139,3
33.766750,3
33.772991,3
33.779335,3
33.785515,3
33.791759,2
33.798111,2
33.804958,2
33.811684,2
33.819504,2
33.825893,2
33.832119,2
33.839222,2
33.847187,2
33.855534,2
33.862434,2
33.868938,2
33.875248,2
33.881531,2
33.888508,3
33.894806,3
33.901875,3
33.909149,3
33.916214,3
33.923019,3
33.929691,3
33.935818,3
33.942474,3
33.952625,3
33.960484,3
33.967598,3
33.974289,3
33.980816,3
33.987091,3
33.996094,3
34.002628,3
34.009510,3
34.017776,3
34.024288,3
34.030544,3
34.036774,3
34.043350,3
34.049995,3
34.056995,3
34.064564,3
34.070915,3
34.078316,3
34.084694,3
34.092964,3
34.099201,3
34.106224,3
34.113174,3
34.119587,3
34.125885,3
34.131985,3
34.138210,3
34.144524,3
34.151066,3
34.157421,3
34.163967,3
34.173542,3
34.179897,3
34.186077,3
34.192768,6
34.198948,6
34.208630,6
34.216049,6
34.222496,6
34.228947,6
34.235065,6
34.241707,8
34.247925,8
34.254864,8
34.261951,8
34.268929,8
34.275944,8
34.282654,8
34.288963,13
34.295158,13
34.302452,13
34.308952,13
34.316376,13
34.322769,13
34.329132,13
34.335522,19
34.342491,19
34.349232,19
34.356030,19
34.363674,19
34.369904,19
34.376652,19
34.382988,23
34.389515,23
34.395943,23
34.403870,23
34.411755,23
34.418167,23
34.424606,23
34.430767,28
34.437111,28
34.443943,28
34.450539,28
34.460026,28
34.466431,28
34.473305,30
34.479729,30
34.485916,30
34.492516,30
34.499435,30
34.507038,30
34.513527,30
34.520767,30
34.527561,30
34.534794,30
34.541103,30
34.548264,30
34.554550,30
34.560913,30
34.567070,28
34.573421,28
34.580494,28
34.586887,28
34.594650,28
34.600899,28
34.607262,28
34.613647,26
34.620510,26
34.626789,26
34.633060,26
34.640553,26
34.646790,26
34.654034,26
34.660236,23
34.666462,23
34.673271,23
34.679535,23
34.687340,23
34.693729,23
34.699966,23
34.707172,20
34.713436,20
34.721176,20
34.727425,20
34.735458,20
34.741863,20
34.748642,20
34.755142,18
34.762787,18
34.770142,18
34.776520,18
34.783535,18
34.790138,18
34.796368,18
34.803036,16
34.809719,16
34.816227,16
34.822674,16
34.829212,16
34.835526,16
34.841869,16
34.848049,16
34.854309,15
34.861603,15
34.868946,15
34.876755,15
34.884468,15
34.890820,15
34.897053,14
34.903362,14
34.909874,14
34.916950,14
34.925850,14
34.932095,14
34.938927,14
34.946754,14
34.953110,13
34.959385,13
34.966480,13
34.974358,13
34.980930,13
34.987774,13
34.993931,13
35.000790,12
35.007206,12
35.014355,12
35.022694,12
35.029087,12
35.035645,12
35.042027,12
35.048897,11
35.057240,11
35.063587,11
35.070770,11
35.077751,11
35.084198,11
35.090454,11
35.097599,10
35.104179,10
35.110924,10
35.117756,10
35.124199,10
35.131039,10
35.139561,10
35.145638,10
35.152302,10
35.158520,9
35.165527,9
35.171715,9
35.178581,9
35.185444,9
35.192284,9
35.199051,9
35.205585,9
35.211830,9
35.218388,9
35.224686,9
35.231125,9
35.237900,9
35.245102,9
35.252293,9
35.258587,9
35.267475,9
35.273712,8
35.280197,8
35.287014,8
35.293251,8
35.302181,8
35.308517,8
35.314980,8
35.321541,8
35.327847,8
35.334934,8
35.341248,8
35.351055,8
35.357723,8
35.364491,8
35.370895,8
35.377071,8
35.383656,8
35.390827,8
35.400833,8
35.407291,8
35.415207,8
35.421593,8
35.427666,8
35.434433,7
35.440784,7
35.447067,7
35.454815,7
35.461269,7
35.467583,7
35.473820,7
35.480053,7
35.486267,6
35.493401,6
35.499802,6
35.506660,6
35.513096,6
35.519363,6
35.525562,6
35.531876,6
35.537998,6
35.545547,6
35.553242,6
35.560287,6
35.567890,6
35.574146,6
35.581261,6
35.587608,5
35.594582,5
35.600811,5
35.609074,5
35.615757,5
35.622417,5
35.628819,5
35.637154,5
35.643791,5
35.650307,6
35.657074,6
35.663860,6
35.670681,6
35.677235,6
35.683529,6
35.689701,6
35.695961,5
35.703045,5
35.710453,5
35.718620,5
35.726772,5
35.733505,5
35.739807,5
35.746193,5
35.752453,5
35.762894,5
35.769726,5
35.776180,5
35.782528,5
35.788990,5
35.795101,5
35.803383,5
35.809628,5
35.816639,5
35.823082,5
35.829762,5
35.836040,5
35.842365,5
35.849228,5
35.856171,5
35.863327,5
35.870667,5
35.877464,5
35.884346,5
35.890522,5
35.896992,5
35.905983,4
35.913929,4
35.925549,4
35.932190,4
35.938400,4
35.944778,4
35.951122,4
35.957500,4
35.964115,4
35.970665,4
35.976948,4
35.984276,4
35.990433,4
35.996815,4
36.003109,4
36.009796,4
36.018532,4
36.024952,4
36.032066,4
36.038528,4
36.044834,4
36.051155,4
36.057281,4
36.063591,4
36.070011,4
36.076321,4
36.082890,4
36.089508,4
36.095837,4
36.102100,4
36.108372,4
36.114677,3
36.120903,3
36.127625,3
36.133995,3
36.141006,3
36.147236,3
36.153465,3
36.159718,3
36.165993,3
36.172359,3
36.178688,3
36.185154,3
36.191887,3
36.198147,3
36.204376,3
36.211407,3
36.217545,3
36.223877,3
36.230232,3
36.237968,3
36.250019,3
36.256195,3
36.263172,3
36.269497,3
36.276180,3
36.284702,3
36.291134,3
36.299221,3
36.305683,3
36.313309,3
36.319778,3
36.326111,3
36.332203,3
36.338375,3
36.347092,3
36.358852,3
36.365860,3
36.372292,3
36.378563,3
36.384697,3
36.390820,3
36.397438,3
36.403797,3
36.411873,3
36.422546,3
36.428875,3
36.435261,3
36.441948,3
36.448219,2
36.455723,2
36.462078,2
36.468929,2
36.475185,2
36.482086,2
36.488220,2
36.497128,2
36.504704,2
36.510983,2
36.517277,2
36.523628,2
36.530643,2
36.537632,2
36.543934,2
36.550133,2
36.556267,2
36.562515,1
36.569130,1
36.577454,1
36.583950,1
36.590988,1
36.597301,1
36.604095,1
36.611073,1
36.618645,1
36.627510,1
36.634319,1
36.640846,1
36.647057,1
36.653313,1
36.659580,1
36.665844,1
36.672901,1
36.683559,1
36.690456,1
36.696682,1
36.702908,1
36.709232,1
36.716248,1
36.722752,1
36.732288,1
36.738922,1
36.745564,1
36.751743,1
36.758118,1
36.764275,1
36.771500,1
36.779274,1
36.785492,1
36.792419,1
36.798748,1
36.805073,1
36.811363,1
36.817478,1
36.824146,1
36.831139,1
36.837440,1
36.845196,1
36.851395,1
36.857761,1
36.864090,1
36.870247,1
36.876682,1
36.883808,1
36.891117,1
36.898476,1
36.904930,1
36.911449,1
36.917591,1
36.924496,1
36.931084,1
36.937515,1
36.943947,1
36.950474,1
36.957581,1
36.963879,1
36.970238,1
36.976467,1
36.982922,1
36.991783,1
36.998943,1
37.005245,1
37.011528,1
37.017723,1
37.025047,1
37.031708,1
37.037964,1
37.044495,1
37.050919,1
37.060703,1
37.067009,1
37.073437,1
37.080177,1
37.088558,1
37.095558,1
37.103355,1
37.109898,1
37.116009,1
37.123394,1
37.131100,1
37.137459,1
37.143871,1
37.150299,1
37.156647,1
37.162876,1
37.171623,1
37.178627,1
37.187611,1
37.193836,1
37.203266,1
37.211002,1
37.217155,1
37.223564,1
37.229820,1
37.239925,1
37.247078,1
37.253468,1
37.259651,1
37.265949,1
37.272091,1
37.279202,1
37.285503,1
37.294472,1
37.300842,1
37.308731,1
37.317760,1
37.325768,1
37.332233,1
37.340157,1
37.346813,1
37.353119,1
37.359287,1
37.369545,1
37.375854,1
37.382141,1
37.388523,1
37.395813,2
37.402798,2
37.409119,2
37.416870,2
37.425198,2
37.433540,2
37.440182,3
37.448517,3
37.456104,3
37.463345,3
37.469959,3
37.477268,3
37.483650,3
37.490662,6
37.500038,6
37.506596,6
37.513145,6
37.519455,6
37.525734,6
37.532108,6
37.538387,10
37.545559,10
37.554291,10
37.560726,10
37.569027,10
37.575371,10
37.582130,10
37.588531,10
37.595898,17
37.602287,17
37.608822,17
37.617023,17
37.623856,17
37.630737,17
37.637226,17
37.643299,25
37.651417,25
37.658005,25
37.664261,25
37.671654,25
37.678032,25
37.685696,25
37.693546,25
37.699959,33
37.706276,33
37.712872,33
37.721836,33
37.729076,33
37.735615,33
37.741959,33
37.748196,41
37.754528,41
37.761574,41
37.770355,41
37.776871,41
37.783993,41
37.790352,42
37.798519,42
37.805618,42
37.812241,42
37.820435,42
37.826843,42
37.833305,42
37.840145,42
37.846756,42
37.854038,42
37.860577,42
37.867203,42
37.876095,42
37.882275,42
37.888935,40
37.895344,40
37.902187,40
37.909729,40
37.916824,40
37.923023,40
37.929283,40
37.936115,37
37.942890,37
37.950779,37
37.957008,37
37.964043,37
37.970314,37
37.976673,37
37.982979,33
37.989334,33
37.996510,33
38.002785,33
38.009636,33
38.015965,33
38.022167,33
38.028378,33
38.034691,28
38.042259,28
38.048523,28
38.055248,28
38.062111,28
38.069866,28
38.076267,28
38.082439,24
38.088921,24
38.095886,24
38.102180,24
38.109257,24
38.115505,24
38.121868,24
38.128067,20
38.134472,20
38.141273,20
38.147476,20
38.154865,20
38.161030,20
38.167416,20
38.173584,20
38.179871,17
38.187149,17
38.194424,17
38.202988,17
38.209255,17
38.216084,17
38.222454,14
38.229134,14
38.236202,14
38.242535,14
38.249191,14
38.255543,14
38.261917,14
38.268192,14
38.274288,14
38.281654,12
38.288208,12
38.294502,12
38.301418,12
38.307705,12
38.314041,12
38.320305,12
38.327797,12
38.333969,12
38.340775,10
38.347229,10
38.353485,10
38.360737,10
38.367573,10
38.373760,10
38.380341,10
38.386765,9
38.393017,9
38.400517,9
38.406902,9
38.414062,9
38.420345,9
38.426632,9
38.432941,9
38.439087,7
38.446243,7
38.452530,7
38.458843,7
38.465763,7
38.472179,7
38.478905,7
38.485168,7
38.492390,6
38.500126,6
38.506783,6
38.513306,6
38.523590,6
38.529812,6
38.536190,6
38.542294,5
38.549995,5
38.556137,5
38.562653,5
38.569099,5
38.575294,5
38.581654,5
38.587917,5
38.594223,4
38.601784,4
38.607998,4
38.615475,4
38.622223,4
38.628532,4
38.634785,4
38.640965,3
38.648140,3
38.654438,3
38.662895,3
38.669109,3
38.675533,3
38.681885,3
38.687996,3
38.694576,3
38.700859,3
38.708755,3
38.715099,3
38.724125,3
38.730854,3
38.737194,3
38.744102,3
38.750751,2
38.757969,2
38.764694,2
38.771732,2
38.779224,2
38.785725,2
38.792206,2
38.798473,3
38.804970,3
38.812233,3
38.819160,3
38.826271,3
38.832729,3
38.839420,3
38.845707,2
38.852390,2
38.858768,2
38.864994,2
38.871819,2
38.878010,2
38.884384,2
38.890694,2
38.896832,2
38.903141,2
38.909935,2
38.916100,2
38.922523,2
38.931358,2
38.937584,2
38.946037,2
38.952183,3
38.958813,3
38.965191,3
38.971458,3
38.980511,3
38.986916,3
38.993336,3
38.999813,3
39.005966,2
39.013103,2
39.019844,2
39.026825,2
39.033993,2
39.040512,2
39.047066,2
39.053822,3
39.060173,3
39.066814,3
39.073753,3
39.081505,3
39.087849,3
39.094719,3
39.101097,2
39.108501,2
39.114952,2
39.122124,2
39.128799,2
39.135056,2
39.141357,2
39.148129,2
39.156807,2
39.163250,2
39.170425,2
39.178055,2
39.184258,2
39.190826,2
39.197296,2
39.204220,2
39.211182,2
39.219196,2
39.225925,2
39.232357,2
39.238483,2
39.246052,2
39.252831,2
39.259502,2
39.267399,2
39.275112,2
39.281746,2
39.288185,2
39.294750,2
39.301319,2
39.308281,2
39.316833,2
39.323822,2
39.330742,2
39.336868,3
39.343285,3
39.349789,3
39.356228,3
39.363781,3
39.369995,3
39.376972,3
39.383392,3
39.390202,3
39.397842,3
39.404236,3
39.413460,3
39.420689,3
39.427193,3
39.433701,2
39.440601,2
39.447418,2
39.453941,2
39.461563,2
39.467960,2
39.474815,2
39.481247,2
39.487560,2
39.498878,2
39.505749,2
39.512211,2
39.518482,2
39.525375,2
39.531715,2
39.538048,2
39.544514,2
39.551189,2
39.560886,2
39.567444,2
39.574215,2
39.580540,2
39.586937,2
39.594311,2
39.600468,2
39.606655,2
39.613895,2
39.620876,2
39.627621,2
39.634167,2
39.640381,2
39.648628,2
39.655125,2
39.663364,2
39.669907,2
39.676983,2
39.683849,2
39.690647,2
39.696915,2
39.703072,2
39.709526,2
39.716373,2
39.723270,2
39.730083,2
39.736248,2
39.742432,2
39.748558,2
39.754787,2
39.761009,2
39.767506,2
39.773888,2
39.780396,2
39.786678,2
39.793488,2
39.799648,2
39.805973,3
39.812672,3
39.818974,3
39.825264,3
39.832542,3
39.838898,3
39.845177,3
39.851463,3
39.857777,2
39.864044,2
39.870552,2
39.876846,2
39.884220,2
39.890472,2
39.896824,2
39.903008,2
39.909237,2
39.916012,2
39.925518,2
39.932899,2
39.939301,2
39.945507,2
39.951832,2
39.958096,1
39.965118,1
39.972198,1
39.979584,1
39.986092,1
39.992966,1
39.999157,1
40.005394,1
40.011826,1
40.019165,1
40.025459,1
40.032200,1
40.038483,1
40.044800,1
40.051037,1
40.057255,1
40.063408,1
40.071392,1
40.077847,1
40.084846,1
40.091930,1
40.098106,1
40.104424,1
40.110718,1
40.116932,1
40.123375,1
40.130119,1
40.137222,1
40.144096,1
40.150467,1
40.156811,1
40.163090,1
40.172749,1
40.179337,1
40.185566,1
40.192905,1
40.203285,1
40.209488,1
40.215801,1
40.222668,1
40.229294,1
40.237331,1
40.244110,1
40.250443,1
40.257267,1
40.264019,1
40.274208,1
40.280819,1
40.289196,1
40.295502,1
40.303120,1
40.309254,1
40.317001,1
40.324081,1
40.335297,1
40.341759,1
40.348137,1
40.354843,1
40.361038,1
40.368050,1
40.378883,1
40.385403,1
40.391827,1
40.398666,1
40.405701,1
40.412628,1
40.419456,1
40.428558,1
40.434986,1
40.442062,1
40.448582,1
40.454880,1
40.461323,1
40.467453,1
40.473598,2
40.479870,2
40.489601,2
40.496990,2
40.503536,2
40.509743,2
40.516293,2
40.522614,2
40.529255,1
40.537304,1
40.543816,1
40.551678,1
40.558182,1
40.564323,1
40.571243,2
40.577660,2
40.584248,2
40.590454,2
40.597176,2
40.603508,2
40.609756,2
40.616016,2
40.622177,2
40.628933,2
40.636410,2
40.642670,2
40.649380,2
40.655743,2
40.665680,2
40.671936,2
40.678173,2
40.684456,2
40.696766,2
40.703316,2
40.709953,2
40.716274,2
40.722500,2
40.728714,2
40.735512,2
40.741947,2
40.748787,2
40.755196,2
40.761780,2
40.768177,2
40.776157,2
40.783276,2
40.789536,2
40.796631,2
40.802856,2
40.809528,2
40.816387,2
40.823704,2
40.830673,2
40.836926,2
40.843239,2
40.850437,2
40.857445,2
40.864826,2
40.871162,2
40.877926,2
40.884792,2
40.891537,2
40.897881,2
40.906269,2
40.913017,2
40.919529,2
40.925678,2
40.933105,2
40.940022,2
40.946819,2
40.955452,2
40.961575,2
40.968807,2
40.975601,1
40.982029,1
40.990814,1
40.998837,1
41.006187,1
41.013462,1
41.019810,1
41.025986,2
41.032307,2
41.039371,2
41.045658,2
41.052673,2
41.058907,2
41.065491,2
41.071762,2
41.077900,2
41.084095,2
41.090664,2
41.100952,2
41.107758,2
41.114159,2
41.120350,2
41.126667,2
41.133076,2
41.141121,2
41.147312,2
41.154476,2
41.160816,2
41.167290,2
41.173706,2
41.180012,2
41.186569,2
41.193245,2
41.199436,2
41.206467,2
41.212772,2
41.219040,2
41.225380,2
41.231632,2
41.238548,1
41.245132,1
41.251404,1
41.258114,1
41.264492,1
41.270737,1
41.278145,1
41.284306,1
41.290855,0
41.298370,0
41.304893,0
41.314827,0
41.320984,0
41.327564,0
41.334766,-4
41.341141,-4
41.349560,-4
41.358032,-4
41.366257,-4
41.372791,-4
41.379364,-15
41.387169,-15
41.394932,-15
41.401707,-15
41.408077,-15
41.414631,-15
41.420830,-15
41.426964,-15
41.433102,-15
41.439209,-26
41.446346,-26
41.453266,-26
41.461361,-26
41.468189,-26
41.474964,-26
41.481480,-26
41.487682,-37
41.494793,-37
41.501629,-37
41.507980,-37
41.514774,-37
41.521095,-37
41.527489,-37
41.533726,-37
41.542397,-39
41.548782,-39
41.555176,-39
41.561378,-39
41.568272,-39
41.574505,-39
41.580795,-39
41.587067,-39
41.593918,-39
41.600506,-39
41.607212,-39
41.613487,-39
41.621094,-39
41.627384,-39
41.633751,-39
41.640060,-35
41.646374,-35
41.653130,-35
41.659489,-35
41.666527,-35
41.672722,-35
41.679108,-35
41.685440,-30
41.692043,-30
41.698399,-30
41.704788,-30
41.711906,-30
41.718094,-30
41.724316,-30
41.730816,-27
41.737362,-27
41.743782,-27
41.750023,-27
41.756817,-27
41.763542,-27
41.769783,-27
41.776142,-27
41.782341,-22
41.788700,-22
41.795044,-22
41.802002,-22
41.808834,-22
41.815369,-22
41.821697,-18
41.828041,-18
41.834816,-18
41.841682,-18
41.848602,-18
41.855713,-18
41.862709,-18
41.868984,-18
41.875237,-15
41.881882,-15
41.888241,-15
41.895103,-15
41.902210,-15
41.908978,-15
41.915283,-12
41.921871,-12
41.930408,-12
41.936646,-12
41.944653,-12
41.950901,-12
41.957253,-12
41.963619,-10
41.969959,-10
41.978420,-10
41.985371,-10
41.992317,-10
41.998730,-10
42.005497,-10
42.012169,-7
42.019192,-7
42.025703,-7
42.033352,-7
42.040157,-7
42.046520,-7
42.052647,-5
42.059135,-5
42.066307,-5
42.073696,-5
42.082539,-5
42.090080,-5
42.096539,-5
42.103138,-4
42.109417,-4
42.119556,-4
42.126350,-4
42.132820,-4
42.139088,-4
42.145535,-4
42.151611,-4
42.157749,-2
42.164673,-2
42.171494,-2
42.177757,-2
42.184536,-2
42.190769,-2
42.202141,-2
42.209652,-1
42.215954,-1
42.222481,-1
42.228802,-1
42.236984,-1
42.244560,-1
42.250816,-1
42.258350,0
42.265194,0
42.272495,0
42.279358,0
42.286896,0
42.293491,0
42.300297,0
42.306713,0
42.316910,0
42.323799,0
42.330677,0
42.336948,0
42.343296,0
42.349407,0
42.356792,0
42.362984,0
42.371197,0
42.379028,0
42.385838,0
42.392223,0
42.398819,0
42.405235,0
42.414394,0
42.421009,0
42.429733,0
42.436337,0
42.442890,0
42.450100,0
42.457111,0
42.464352,0
42.474518,0
42.481396,0
42.488632,0
42.496281,0
42.502956,0
42.509480,0
42.515709,0
42.525829,0
42.532185,0
42.539135,0
42.546047,0
42.555019,0
42.561371,0
42.567810,0
42.574337,0
42.580521,0
42.587215,0
42.593353,0
42.600231,0
42.607307,0
42.614719,0
42.623562,0
42.629829,0
42.636208,0
42.642536,0
42.652031,0
42.659592,0
42.666790,0
42.673901,0
42.680248,0
42.686886,0
42.696396,0
42.704041,0
42.710445,0
42.717228,0
42.723591,0
42.729851,0
42.737080,0
42.743992,0
42.750568,0
42.758663,0
42.765896,0
42.773113,0
42.779530,0
42.786343,0
42.794136,0
42.802238,0
42.808620,0
42.815460,0
42.821926,0
42.828300,0
42.834576,0
42.840946,0
42.847054,0
42.854393,0
42.860611,0
42.867477,0
42.873775,0
42.880341,0
42.886555,0
42.892807,0
42.899101,0
42.905407,0
42.911552,0
42.917789,0
42.928108,0
42.934921,0
42.941124,0
42.947418,0
42.953655,0
42.960651,0
42.967522,0
42.973782,0
42.980728,0
42.986950,0
42.993561,0
42.999714,0
43.005951,0
43.012024,0
43.019012,0
43.025299,0
43.032661,0
43.039352,0
43.046467,0
43.052963,0
43.059368,0
43.065605,0
43.072166,0
43.080109,0
43.088215,0
43.095177,0
43.103359,0
43.109669,0
43.116264,0
43.123837,0
43.130627,0
43.137596,0
43.145050,0
43.152653,0
43.158810,0
43.165348,0
43.171745,0
43.178665,0
43.185089,0
43.192520,0
43.198902,0
43.205402,0
43.211704,0
43.218067,0
43.224842,0
43.233273,0
43.239632,0
43.247681,0
43.255905,0
43.262665,0
43.270470,0
43.277073,0
43.284225,0
43.290546,0
43.297440,0
43.303688,0
43.310860,0
43.317085,0
43.324337,0
43.331528,0
43.337833,0
43.344635,0
43.351425,0
43.357742,0
43.364132,0
43.370392,0
43.376987,1
43.384224,1
43.390434,1
43.397449,1
43.403831,1
43.410080,1
43.416466,1
43.422729,1
43.428959,1
43.436016,1
43.442257,1
43.448936,1
43.455433,1
43.461632,1
43.467896,1
43.474010,1
43.480206,1
43.487144,1
43.494514,1
43.501308,1
43.508652,1
43.515675,1
43.522038,1
43.528469,1
43.534859,1
43.544346,1
43.551243,1
43.557434,1
43.563942,1
43.570229,1
43.576298,1
43.582729,1
43.589607,1
43.595798,1
43.607544,1
43.614910,1
43.621254,1
43.627586,1
43.633823,1
43.640121,1
43.648029,2
43.654709,2
43.661388,2
43.669800,2
43.676071,2
43.682739,2
43.688999,2
43.695995,2
43.703045,2
43.709538,2
43.716305,2
43.722687,2
43.728973,2
43.735153,2
43.741348,2
43.748505,2
43.754845,2
43.761524,2
43.769611,2
43.777386,2
43.784966,2
43.791206,2
43.797394,3
43.803711,3
43.810238,3
43.816639,3
43.823448,3
43.830063,3
43.836655,3
43.842827,3
43.849369,2
43.856808,2
43.863010,2
43.869877,2
43.876080,2
43.882420,2
43.888779,2
43.894897,2
43.902065,3
43.908466,3
43.915386,3
43.921646,3
43.928982,3
43.935238,3
43.943863,3
43.950191,3
43.956657,3
43.964024,3
43.970284,3
43.976845,3
43.983181,3
43.989410,3
43.995686,3
44.002129,3
44.008343,3
44.015644,3
44.022152,3
44.029423,3
44.035667,3
44.042114,3
44.048466,3
44.054848,3
44.062279,3
44.068920,3
44.075794,3
44.082138,3
44.088478,3
44.094707,3
44.101799,3
44.111214,3
44.117424,3
44.124668,3
44.130894,3
44.137135,3
44.143433,3
44.153198,3
44.160164,3
44.166374,3
44.173958,3
44.180199,3
44.186516,3
44.192848,3
44.199150,3
44.205750,3
44.212288,3
44.218639,3
44.225777,3
44.232239,3
44.238476,3
44.244801,3
44.250992,2
44.257370,2
44.264645,2
44.270844,2
44.278008,2
44.284233,2
44.290539,2
44.298145,2
44.304516,2
44.311825,2
44.318184,2
44.325230,2
44.331429,2
44.337734,2
44.343910,2
44.351135,2
44.357452,2
44.363926,2
44.370136,2
44.378967,2
44.385460,2
44.391850,2
44.398430,2
44.405029,2
44.411720,2
44.424675,2
44.431015,2
44.437420,2
44.444393,2
44.451111,2
44.458927,2
44.465225,2
44.472206,2
44.478508,2
44.484844,2
44.491043,2
44.497292,2
44.504017,2
44.511429,2
44.519329,2
44.525532,2
44.533096,2
44.539326,2
44.545593,2
44.552296,2
44.558647,2
44.566227,2
44.572460,2
44.579601,2
44.585835,2
44.592075,2
44.598434,2
44.604618,2
44.611031,2
44.617481,2
44.623775,2
44.630383,2
44.637760,2
44.644215,2
44.650776,2
44.658443,2
44.664856,2
44.672604,2
44.679001,2
44.687950,2
44.694321,2
44.700554,2
44.706837,2
44.713516,2
44.726002,2
44.733753,2
44.740643,2
44.747112,2
44.753635,2
44.760468,2
44.766884,2
44.773811,2
44.781784,2
44.788658,2
44.795120,2
44.801281,2
44.807930,2
44.814743,2
44.825600,2
44.832020,2
44.838299,2
44.845654,2
44.851967,2
44.858574,2
44.865391,2
44.871681,2
44.879528,2
44.889381,2
44.895855,2
44.902096,2
44.909489,2
44.916359,2
44.923302,2
44.932293,2
44.938511,2
44.944805,2
44.950954,2
44.957096,2
44.963295,2
44.970112,2
44.976513,2
44.983612,2
44.990601,2
44.996952,2
45.003090,2
45.009266,2
45.015373,2
45.021976,2
45.028446,2
45.035480,2
45.042774,2
45.049881,2
45.056297,2
45.062531,2
45.068798,2
45.075504,2
45.082741,2
45.090576,2
45.097576,2
45.104477,2
45.112564,2
45.119083,2
45.126400,2
45.132694,2
45.142036,2
45.148529,2
45.157944,2
45.164089,2
45.171982,2
45.179073,2
45.185467,2
45.192322,2
45.198677,2
45.205074,2
45.211399,2
45.217587,2
45.224171,2
45.230812,2
45.237854,2
45.245155,2
45.251957,2
45.258476,2
45.265377,2
45.271740,1
45.278885,1
45.285263,1
45.293682,1
45.300186,1
45.307442,1
45.313713,1
45.320171,2
45.326611,2
45.333668,2
45.341671,2
45.349094,2
45.355927,2
45.362068,2
45.368919,2
45.375149,2
45.384945,2
45.391708,2
45.398071,2
45.404491,2
45.410786,2
45.416927,2
45.423523,2
45.429710,2
45.436623,2
45.443523,2
45.450939,2
45.457272,2
45.463413,2
45.470089,2
45.477894,2
45.484772,2
45.490993,2
45.497829,2
45.504097,2
45.510342,2
45.516632,2
45.522839,2
45.528961,2
45.536480,2
45.543781,2
45.552521,2
45.559608,2
45.565788,2
45.572674,2
45.579285,2
45.585579,2
45.596981,2
45.603653,2
45.610039,2
45.616241,2
45.622498,2
45.628605,2
45.636673,3
45.643475,3
45.649693,3
45.658520,3
45.664787,3
45.671299,3
45.678009,3
45.684307,3
45.690861,3
45.698330,3
45.706436,3
45.713253,3
45.720215,3
45.726330,3
45.733356,3
45.743439,3
45.750332,3
45.756783,3
45.763275,3
45.769714,3
45.775921,3
45.782043,3
45.788177,3
45.794880,3
45.802689,3
45.812931,3
45.820538,3
45.826923,3
45.833420,3
45.839989,3
45.846416,2
45.853134,2
45.859859,2
45.866043,2
45.873337,2
45.879707,2
45.886127,2
45.892345,2
45.899757,-1
45.908718,-1
45.915016,-1
45.922005,-1
45.928307,-1
45.934704,-1
45.940918,-1
45.947071,-1
45.953709,-7
45.959911,-7
45.966728,-7
45.973148,-7
45.979843,-7
45.986134,-7
45.992332,-7
45.998585,-7
46.005386,-16
46.012913,-16
46.019913,-16
46.026127,-16
46.033234,-16
46.039528,-16
46.045731,-16
46.051949,-16
46.059128,-25
46.065540,-25
46.076870,-25
46.083508,-25
46.089748,-25
46.095982,-25
46.102234,-34
46.111050,-34
46.122868,-34
46.129784,-34
46.136131,-34
46.142357,-34
46.148674,-34
46.154854,-39
46.161137,-39
46.168236,-39
46.174561,-39
46.182384,-39
46.188824,-39
46.195599,-39
46.201851,-39
46.208508,-40
46.216640,-40
46.222897,-40
46.229828,-40
46.236187,-40
46.242565,-40
46.248806,-40
46.254917,-40
46.261124,-37
46.268959,-37
46.280800,-37
46.287544,-37
46.293819,-37
46.300167,-37
46.306931,-37
46.313091,-32
46.319416,-32
46.326088,-32
46.332344,-32
46.340073,-32
46.347565,-32
46.353912,-32
46.359997,-32
46.367107,-26
46.374252,-26
46.381481,-26
46.388966,-26
46.395668,-26
46.402241,-26
46.408844,-26
46.415085,-21
46.421539,-21
46.429756,-21
46.436172,-21
46.442856,-21
46.449696,-21
46.456654,-21
46.463669,-17
46.470055,-17
46.477753,-17
46.484352,-17
46.491199,-17
46.497627,-17
46.503822,-17
46.510777,-14
46.517101,-14
46.528809,-14
46.536701,-14
46.543076,-14
46.549446,-14
46.555843,-11
46.565132,-11
46.572071,-11
46.580978,-11
46.587292,-11
46.593487,-11
46.601021,-8
46.608139,-8
46.614811,-8
46.621574,-8
46.627911,-8
46.634193,-8
46.640419,-8
46.647068,-8
46.654110,-6
46.660892,-6
46.670940,-6
46.677654,-6
46.684006,-6
46.690166,-6
46.696323,-6
46.702633,-4
46.708862,-4
46.718319,-4
46.724728,-4
46.731537,-4
46.737751,-4
46.744072,-2
46.750748,-2
46.758083,-2
46.765545,-2
46.773026,-2
46.779930,-2
46.786396,-2
46.792633,0
46.800102,0
46.807060,0
46.813251,0
46.819756,0
46.826511,0
46.832863,0
46.839233,0
46.845409,0
46.851604,2
46.857960,2
46.864674,2
46.872528,2
46.880875,2
46.887268,2
46.893906,2
46.901043,3
46.908566,3
46.914955,3
46.922035,3
46.928482,3
46.934795,3
46.941170,3
46.947803,4
46.954384,4
46.960972,4
46.970463,4
46.977360,4
46.983685,4
46.989819,4
46.996082,5
47.003143,5
47.010685,5
47.016937,5
47.024090,5
47.033573,5
47.039814,5
47.046131,5
47.052219,5
47.060841,5
47.067562,5
47.075699,5
47.082191,5
47.088562,5
47.095863,6
47.105526,6
47.112492,6
47.120007,6
47.126770,6
47.133621,6
47.140671,6
47.147545,6
47.153748,6
47.161301,6
47.167591,6
47.173889,6
47.180164,6
47.186337,6
47.193291,6
47.199612,6
47.206264,6
47.212952,6
47.219212,6
47.225548,6
47.231781,7
47.238087,7
47.245445,7
47.251644,7
47.258343,7
47.264973,7
47.271164,7
47.277496,7
47.283722,7
47.290020,7
47.302071,7
47.309277,7
47.315491,7
47.321705,7
47.327938,7
47.334793,7
47.342224,7
47.349442,7
47.356010,7
47.362431,7
47.368683,7
47.375000,7
47.381214,7
47.387501,7
47.397499,7
47.405704,7
47.412209,7
47.418499,7
47.425415,7
47.431938,7
47.439075,7
47.446926,7
47.453899,7
47.461475,7
47.467915,7
47.475609,7
47.482304,7
47.488632,7
47.496113,7
47.502457,7
47.512177,7
47.518898,7
47.525581,7
47.532997,7
47.541210,7
47.547535,7
47.554028,7
47.561150,7
47.569073,7
47.576664,7
47.582935,7
47.590042,7
47.596466,7
47.602772,7
47.609283,7
47.615345,7
47.621719,7
47.628597,7
47.636539,7
47.643669,7
47.651142,7
47.657539,7
47.663933,7
47.670654,6
47.677319,6
47.684986,6
47.695419,6
47.702251,6
47.709263,6
47.715347,6
47.721844,7
47.731064,7
47.738052,7
47.747482,7
47.754162,7
47.761703,7
47.768475,7
47.774940,7
47.781506,7
47.788811,7
47.796486,7
47.802917,7
47.809856,7
47.816002,7
47.822392,7
47.828819,7
47.835728,7
47.843693,7
47.850189,7
47.856892,7
47.863667,7
47.871189,7
47.878258,7
47.884537,7
47.892673,7
47.902950,7
47.909271,7
47.915367,7
47.921638,6
47.928272,6
47.936825,6
47.944420,6
47.952106,6
47.958813,6
47.964977,6
47.971851,7
47.978107,7
47.986637,7
47.993816,7
48.000668,7
48.007824,7
48.014030,7
48.021278,7
48.027756,7
48.034142,7
48.040726,7
48.047520,7
48.054272,7
48.061043,7
48.067425,7
48.073944,7
48.080299,7
48.087036,7
48.094410,7
48.105404,7
48.111729,7
48.117935,7
48.124153,7
48.130356,7
48.137432,7
48.143642,7
48.150780,7
48.157101,7
48.163410,7
48.169701,7
48.175854,7
48.182068,7
48.188499,7
48.194778,7
48.201759,7
48.208069,7
48.214260,7
48.220634,7
48.226948,7
48.233871,7
48.240818,7
48.248665,7
48.255062,7
48.261547,7
48.267960,7
48.274342,7
48.280968,7
48.287632,7
48.295094,7
48.301903,7
48.308510,7
48.314724,7
48.321110,7
48.327488,7
48.334297,7
48.342155,7
48.348351,7
48.355373,7
48.361645,7
48.368492,7
48.375057,7
48.381435,7
48.389458,7
48.395882,7
48.402943,7
48.409237,6